date,fips,cases,deaths
2020-04-15,1001.0,25,1
2020-04-15,1003.0,98,2
2020-04-15,1005.0,13,0
2020-04-15,1007.0,19,0
2020-04-15,1009.0,17,0
2020-04-15,1011.0,8,0
2020-04-15,1013.0,11,0
2020-04-15,1015.0,62,0
2020-04-15,1017.0,227,10
2020-04-15,1019.0,10,0
2020-04-15,1021.0,37,0
2020-04-15,1023.0,13,0
2020-04-15,1025.0,22,0
2020-04-15,1027.0,14,0
2020-04-15,1029.0,12,0
2020-04-15,1031.0,43,0
2020-04-15,1033.0,11,1
2020-04-15,1035.0,6,0
2020-04-15,1037.0,20,1
2020-04-15,1039.0,18,0
2020-04-15,1041.0,4,0
2020-04-15,1043.0,40,1
2020-04-15,1045.0,13,0
2020-04-15,1047.0,22,2
2020-04-15,1049.0,31,0
2020-04-15,1051.0,49,0
2020-04-15,1053.0,11,0
2020-04-15,1055.0,84,8
2020-04-15,1057.0,4,0
2020-04-15,1059.0,17,1
2020-04-15,1061.0,2,0
2020-04-15,1063.0,19,0
2020-04-15,1065.0,20,0
2020-04-15,1067.0,15,0
2020-04-15,1069.0,55,3
2020-04-15,1071.0,31,2
2020-04-15,1073.0,628,17
2020-04-15,1075.0,7,0
2020-04-15,1077.0,22,4
2020-04-15,1079.0,8,0
2020-04-15,1081.0,285,12
2020-04-15,1083.0,38,0
2020-04-15,1085.0,23,0
2020-04-15,1087.0,19,2
2020-04-15,1089.0,194,4
2020-04-15,1091.0,24,1
2020-04-15,1093.0,58,4
2020-04-15,1095.0,109,2
2020-04-15,1097.0,561,19
2020-04-15,1099.0,7,1
2020-04-15,1101.0,189,5
2020-04-15,1103.0,44,0
2020-04-15,1105.0,7,0
2020-04-15,1107.0,30,0
2020-04-15,1109.0,27,0
2020-04-15,1111.0,45,4
2020-04-15,1113.0,31,0
2020-04-15,1117.0,241,7
2020-04-15,1115.0,49,0
2020-04-15,1119.0,30,0
2020-04-15,1121.0,40,1
2020-04-15,1123.0,149,7
2020-04-15,1125.0,131,0
2020-04-15,1127.0,85,0
2020-04-15,1129.0,12,1
2020-04-15,1131.0,38,0
2020-04-15,1133.0,7,0
2020-04-15,2020.0,139,4
2020-04-15,2050.0,1,0
2020-04-15,2090.0,79,2
2020-04-15,2110.0,21,0
2020-04-15,2122.0,15,0
2020-04-15,2130.0,15,0
2020-04-15,2170.0,15,1
2020-04-15,2180.0,1,0
2020-04-15,2195.0,1,0
2020-04-15,2198.0,2,0
2020-04-15,2240.0,1,0
2020-04-15,2290.0,1,0
2020-04-15,4001.0,110,4
2020-04-15,4003.0,15,0
2020-04-15,4005.0,266,24
2020-04-15,4007.0,3,0
2020-04-15,4009.0,2,0
2020-04-15,4011.0,2,0
2020-04-15,4012.0,5,1
2020-04-15,4013.0,2146,60
2020-04-15,4015.0,45,2
2020-04-15,4017.0,390,10
2020-04-15,4019.0,700,34
2020-04-15,4021.0,182,5
2020-04-15,4023.0,12,0
2020-04-15,4025.0,66,1
2020-04-15,4027.0,18,1
2020-04-15,5001.0,2,0
2020-04-15,5003.0,11,0
2020-04-15,5005.0,4,0
2020-04-15,5007.0,62,0
2020-04-15,5009.0,3,0
2020-04-15,5011.0,7,0
2020-04-15,5015.0,2,0
2020-04-15,5017.0,7,0
2020-04-15,5019.0,27,0
2020-04-15,5021.0,1,0
2020-04-15,5023.0,70,4
2020-04-15,5025.0,8,0
2020-04-15,5027.0,4,0
2020-04-15,5029.0,5,1
2020-04-15,5031.0,40,1
2020-04-15,5033.0,4,0
2020-04-15,5035.0,122,2
2020-04-15,5037.0,7,0
2020-04-15,5039.0,1,0
2020-04-15,5041.0,6,0
2020-04-15,5043.0,6,1
2020-04-15,5045.0,59,2
2020-04-15,5047.0,1,0
2020-04-15,5051.0,105,0
2020-04-15,5053.0,11,0
2020-04-15,5055.0,6,0
2020-04-15,5057.0,4,1
2020-04-15,5059.0,8,0
2020-04-15,5061.0,11,0
2020-04-15,5063.0,6,0
2020-04-15,5065.0,2,0
2020-04-15,5067.0,1,0
2020-04-15,5069.0,107,6
2020-04-15,5071.0,18,0
2020-04-15,5073.0,5,0
2020-04-15,5075.0,11,1
2020-04-15,5077.0,3,1
2020-04-15,5079.0,61,0
2020-04-15,5083.0,2,0
2020-04-15,5085.0,30,0
2020-04-15,5087.0,1,0
2020-04-15,5089.0,1,0
2020-04-15,5091.0,29,0
2020-04-15,5093.0,7,0
2020-04-15,5095.0,2,0
2020-04-15,5099.0,1,0
2020-04-15,5101.0,1,0
2020-04-15,5103.0,5,0
2020-04-15,5105.0,2,0
2020-04-15,5107.0,4,1
2020-04-15,5109.0,2,0
2020-04-15,5111.0,9,0
2020-04-15,5113.0,6,0
2020-04-15,5115.0,32,0
2020-04-15,5117.0,2,0
2020-04-15,5119.0,353,10
2020-04-15,5121.0,9,0
2020-04-15,5125.0,35,1
2020-04-15,5127.0,1,0
2020-04-15,5129.0,6,0
2020-04-15,5131.0,11,0
2020-04-15,5133.0,8,0
2020-04-15,5135.0,2,0
2020-04-15,5123.0,45,0
2020-04-15,5137.0,7,0
2020-04-15,5139.0,18,0
2020-04-15,5141.0,26,2
2020-04-15,5143.0,44,0
2020-04-15,5145.0,28,0
2020-04-15,5147.0,1,0
2020-04-15,5149.0,1,0
2020-04-15,6001.0,983,36
2020-04-15,6003.0,2,0
2020-04-15,6005.0,6,0
2020-04-15,6007.0,16,0
2020-04-15,6009.0,9,0
2020-04-15,6011.0,3,0
2020-04-15,6013.0,615,14
2020-04-15,6015.0,2,0
2020-04-15,6017.0,35,0
2020-04-15,6019.0,265,7
2020-04-15,6021.0,4,0
2020-04-15,6023.0,52,0
2020-04-15,6025.0,127,2
2020-04-15,6027.0,17,0
2020-04-15,6029.0,553,3
2020-04-15,6031.0,13,1
2020-04-15,6033.0,5,0
2020-04-15,6037.0,10496,402
2020-04-15,6039.0,33,2
2020-04-15,6041.0,184,10
2020-04-15,6045.0,4,0
2020-04-15,6047.0,78,3
2020-04-15,6051.0,23,1
2020-04-15,6053.0,108,3
2020-04-15,6055.0,39,2
2020-04-15,6057.0,34,1
2020-04-15,6059.0,1376,22
2020-04-15,6061.0,129,7
2020-04-15,6063.0,4,0
2020-04-15,6065.0,2105,54
2020-04-15,6067.0,853,32
2020-04-15,6069.0,41,2
2020-04-15,6071.0,996,39
2020-04-15,6073.0,2012,60
2020-04-15,6075.0,1016,17
2020-04-15,6077.0,364,17
2020-04-15,6079.0,124,1
2020-04-15,6081.0,767,28
2020-04-15,6083.0,334,2
2020-04-15,6085.0,1793,66
2020-04-15,6087.0,96,2
2020-04-15,6089.0,25,3
2020-04-15,6093.0,5,0
2020-04-15,6095.0,146,2
2020-04-15,6097.0,163,2
2020-04-15,6099.0,177,4
2020-04-15,6101.0,24,2
2020-04-15,6103.0,1,0
2020-04-15,6107.0,352,15
2020-04-15,6109.0,2,0
2020-04-15,6111.0,365,13
2020-04-15,6113.0,116,7
2020-04-15,6115.0,15,1
2020-04-15,8001.0,758,28
2020-04-15,8003.0,7,2
2020-04-15,8005.0,1243,52
2020-04-15,8007.0,6,0
2020-04-15,8009.0,10,0
2020-04-15,8013.0,300,15
2020-04-15,8014.0,92,2
2020-04-15,8015.0,31,4
2020-04-15,8019.0,11,0
2020-04-15,8023.0,3,0
2020-04-15,8025.0,2,1
2020-04-15,8027.0,2,0
2020-04-15,8029.0,12,1
2020-04-15,8031.0,1468,61
2020-04-15,8035.0,312,15
2020-04-15,8037.0,480,6
2020-04-15,8041.0,668,43
2020-04-15,8039.0,16,1
2020-04-15,8043.0,9,0
2020-04-15,8045.0,62,2
2020-04-15,8047.0,1,0
2020-04-15,8049.0,4,0
2020-04-15,8051.0,104,3
2020-04-15,8053.0,3,0
2020-04-15,8055.0,1,0
2020-04-15,8059.0,837,32
2020-04-15,8063.0,8,1
2020-04-15,8067.0,46,0
2020-04-15,8065.0,5,0
2020-04-15,8069.0,202,9
2020-04-15,8071.0,2,0
2020-04-15,8073.0,2,0
2020-04-15,8075.0,13,0
2020-04-15,8077.0,34,0
2020-04-15,8079.0,2,0
2020-04-15,8081.0,3,0
2020-04-15,8083.0,12,2
2020-04-15,8085.0,65,6
2020-04-15,8087.0,103,0
2020-04-15,8089.0,5,0
2020-04-15,8091.0,4,1
2020-04-15,8093.0,6,0
2020-04-15,8095.0,4,0
2020-04-15,8097.0,51,2
2020-04-15,8099.0,1,0
2020-04-15,8101.0,68,4
2020-04-15,8103.0,1,0
2020-04-15,8105.0,7,0
2020-04-15,8107.0,41,1
2020-04-15,8109.0,3,0
2020-04-15,8113.0,12,0
2020-04-15,8117.0,76,1
2020-04-15,8119.0,16,2
2020-04-15,8121.0,5,0
2020-04-15,8123.0,928,57
2020-04-15,8125.0,2,0
2020-04-15,9001.0,6480,365
2020-04-15,9003.0,2570,213
2020-04-15,9005.0,490,35
2020-04-15,9007.0,379,28
2020-04-15,9009.0,3758,195
2020-04-15,9011.0,236,7
2020-04-15,9013.0,216,22
2020-04-15,9015.0,89,1
2020-04-15,10001.0,345,8
2020-04-15,10003.0,974,21
2020-04-15,10005.0,678,17
2020-04-15,11001.0,2197,72
2020-04-15,12001.0,196,0
2020-04-15,12003.0,17,2
2020-04-15,12005.0,39,2
2020-04-15,12007.0,35,1
2020-04-15,12009.0,173,6
2020-04-15,12011.0,3363,94
2020-04-15,12013.0,5,0
2020-04-15,12015.0,124,6
2020-04-15,12017.0,74,8
2020-04-15,12019.0,170,9
2020-04-15,12021.0,396,5
2020-04-15,12023.0,34,0
2020-04-15,12027.0,22,3
2020-04-15,12029.0,3,0
2020-04-15,12031.0,746,14
2020-04-15,12033.0,261,4
2020-04-15,12035.0,46,2
2020-04-15,12037.0,2,0
2020-04-15,12039.0,40,0
2020-04-15,12041.0,6,0
2020-04-15,12043.0,5,1
2020-04-15,12045.0,1,0
2020-04-15,12047.0,2,0
2020-04-15,12049.0,3,0
2020-04-15,12051.0,26,0
2020-04-15,12053.0,76,2
2020-04-15,12055.0,64,6
2020-04-15,12057.0,870,18
2020-04-15,12059.0,4,0
2020-04-15,12061.0,78,1
2020-04-15,12063.0,6,0
2020-04-15,12065.0,22,1
2020-04-15,12067.0,1,0
2020-04-15,12069.0,180,5
2020-04-15,12071.0,677,23
2020-04-15,12073.0,155,0
2020-04-15,12075.0,9,0
2020-04-15,12077.0,2,0
2020-04-15,12079.0,15,0
2020-04-15,12081.0,277,19
2020-04-15,12083.0,107,3
2020-04-15,12085.0,140,4
2020-04-15,12086.0,8066,155
2020-04-15,12087.0,66,3
2020-04-15,12089.0,37,0
2020-04-15,12091.0,107,1
2020-04-15,12093.0,5,0
2020-04-15,12095.0,1073,18
2020-04-15,12097.0,361,5
2020-04-15,12099.0,1816,107
2020-04-15,12101.0,186,3
2020-04-15,12103.0,513,14
2020-04-15,12105.0,287,10
2020-04-15,12107.0,46,1
2020-04-15,12113.0,115,4
2020-04-15,12115.0,253,17
2020-04-15,12117.0,284,2
2020-04-15,12109.0,179,3
2020-04-15,12111.0,172,8
2020-04-15,12119.0,114,11
2020-04-15,12121.0,81,3
2020-04-15,12123.0,1,0
2020-04-15,12125.0,2,0
2020-04-15,12127.0,243,8
2020-04-15,12129.0,13,1
2020-04-15,12131.0,29,0
2020-04-15,12133.0,5,0
2020-04-15,13001.0,14,0
2020-04-15,13003.0,2,0
2020-04-15,13005.0,14,0
2020-04-15,13007.0,17,2
2020-04-15,13009.0,93,2
2020-04-15,13011.0,9,0
2020-04-15,13013.0,68,3
2020-04-15,13015.0,237,20
2020-04-15,13017.0,10,0
2020-04-15,13019.0,8,0
2020-04-15,13021.0,108,1
2020-04-15,13023.0,3,0
2020-04-15,13025.0,14,1
2020-04-15,13027.0,21,2
2020-04-15,13029.0,30,2
2020-04-15,13031.0,22,1
2020-04-15,13033.0,28,2
2020-04-15,13035.0,36,0
2020-04-15,13037.0,59,2
2020-04-15,13039.0,24,0
2020-04-15,13043.0,4,0
2020-04-15,13045.0,242,7
2020-04-15,13047.0,17,0
2020-04-15,13049.0,5,0
2020-04-15,13051.0,160,5
2020-04-15,13053.0,5,0
2020-04-15,13055.0,9,1
2020-04-15,13057.0,232,8
2020-04-15,13059.0,102,12
2020-04-15,13061.0,17,2
2020-04-15,13063.0,462,13
2020-04-15,13065.0,7,0
2020-04-15,13067.0,950,44
2020-04-15,13069.0,65,3
2020-04-15,13071.0,90,5
2020-04-15,13073.0,79,0
2020-04-15,13075.0,9,0
2020-04-15,13077.0,138,3
2020-04-15,13079.0,10,0
2020-04-15,13081.0,93,1
2020-04-15,13083.0,6,1
2020-04-15,13085.0,37,2
2020-04-15,13089.0,1225,16
2020-04-15,13087.0,51,0
2020-04-15,13091.0,18,0
2020-04-15,13093.0,55,4
2020-04-15,13095.0,1320,84
2020-04-15,13097.0,201,6
2020-04-15,13099.0,145,6
2020-04-15,13101.0,3,0
2020-04-15,13103.0,24,1
2020-04-15,13105.0,7,0
2020-04-15,13107.0,9,0
2020-04-15,13109.0,2,0
2020-04-15,13111.0,14,0
2020-04-15,13113.0,122,5
2020-04-15,13115.0,120,6
2020-04-15,13117.0,157,5
2020-04-15,13119.0,7,0
2020-04-15,13121.0,1902,63
2020-04-15,13123.0,7,0
2020-04-15,13127.0,43,0
2020-04-15,13129.0,48,5
2020-04-15,13131.0,23,1
2020-04-15,13133.0,34,1
2020-04-15,13135.0,885,32
2020-04-15,13137.0,44,2
2020-04-15,13139.0,402,5
2020-04-15,13141.0,6,0
2020-04-15,13143.0,19,1
2020-04-15,13145.0,27,1
2020-04-15,13147.0,5,0
2020-04-15,13149.0,5,1
2020-04-15,13151.0,328,5
2020-04-15,13153.0,142,9
2020-04-15,13155.0,12,0
2020-04-15,13157.0,35,1
2020-04-15,13159.0,10,0
2020-04-15,13161.0,2,0
2020-04-15,13163.0,9,1
2020-04-15,13165.0,12,1
2020-04-15,13167.0,21,1
2020-04-15,13169.0,15,0
2020-04-15,13171.0,21,0
2020-04-15,13173.0,5,1
2020-04-15,13175.0,35,1
2020-04-15,13177.0,264,15
2020-04-15,13179.0,26,0
2020-04-15,13181.0,9,0
2020-04-15,13183.0,2,0
2020-04-15,13185.0,75,3
2020-04-15,13187.0,11,0
2020-04-15,13193.0,37,0
2020-04-15,13195.0,13,1
2020-04-15,13197.0,17,0
2020-04-15,13189.0,31,2
2020-04-15,13191.0,3,0
2020-04-15,13199.0,28,0
2020-04-15,13201.0,19,0
2020-04-15,13205.0,176,20
2020-04-15,13207.0,14,1
2020-04-15,13209.0,2,0
2020-04-15,13211.0,17,0
2020-04-15,13213.0,17,0
2020-04-15,13215.0,182,4
2020-04-15,13217.0,113,3
2020-04-15,13219.0,44,0
2020-04-15,13221.0,31,1
2020-04-15,13223.0,118,5
2020-04-15,13225.0,25,2
2020-04-15,13227.0,14,2
2020-04-15,13229.0,48,2
2020-04-15,13231.0,25,1
2020-04-15,13233.0,27,0
2020-04-15,13235.0,11,1
2020-04-15,13237.0,12,0
2020-04-15,13239.0,3,1
2020-04-15,13241.0,7,0
2020-04-15,13243.0,131,7
2020-04-15,13245.0,169,8
2020-04-15,13247.0,107,6
2020-04-15,13249.0,13,1
2020-04-15,13251.0,9,1
2020-04-15,13253.0,19,1
2020-04-15,13255.0,96,5
2020-04-15,13257.0,24,0
2020-04-15,13259.0,9,0
2020-04-15,13261.0,276,13
2020-04-15,13263.0,13,1
2020-04-15,13267.0,5,0
2020-04-15,13269.0,9,2
2020-04-15,13271.0,11,0
2020-04-15,13273.0,137,11
2020-04-15,13275.0,109,9
2020-04-15,13277.0,76,2
2020-04-15,13279.0,17,1
2020-04-15,13281.0,8,0
2020-04-15,13283.0,1,0
2020-04-15,13285.0,72,4
2020-04-15,13287.0,46,1
2020-04-15,13289.0,3,0
2020-04-15,13291.0,8,1
2020-04-15,13293.0,139,5
2020-04-15,13295.0,13,0
2020-04-15,13297.0,54,3
2020-04-15,13299.0,67,5
2020-04-15,13301.0,8,0
2020-04-15,13303.0,22,0
2020-04-15,13305.0,6,0
2020-04-15,13307.0,3,0
2020-04-15,13309.0,3,0
2020-04-15,13311.0,14,0
2020-04-15,13313.0,32,3
2020-04-15,13315.0,30,0
2020-04-15,13317.0,9,0
2020-04-15,13319.0,14,1
2020-04-15,13321.0,111,4
2020-04-15,15001.0,41,0
2020-04-15,15003.0,369,6
2020-04-15,15007.0,21,0
2020-04-15,15009.0,92,3
2020-04-15,16001.0,540,9
2020-04-15,16003.0,1,0
2020-04-15,16005.0,5,0
2020-04-15,16011.0,2,0
2020-04-15,16013.0,463,5
2020-04-15,16017.0,4,0
2020-04-15,16019.0,16,0
2020-04-15,16025.0,1,0
2020-04-15,16027.0,179,5
2020-04-15,16029.0,1,0
2020-04-15,16031.0,9,1
2020-04-15,16037.0,2,0
2020-04-15,16039.0,18,0
2020-04-15,16043.0,2,0
2020-04-15,16045.0,9,0
2020-04-15,16047.0,6,0
2020-04-15,16049.0,3,0
2020-04-15,16051.0,4,0
2020-04-15,16053.0,33,2
2020-04-15,16055.0,48,0
2020-04-15,16057.0,3,0
2020-04-15,16063.0,15,0
2020-04-15,16065.0,5,0
2020-04-15,16067.0,6,0
2020-04-15,16069.0,20,10
2020-04-15,16073.0,4,0
2020-04-15,16075.0,10,1
2020-04-15,16077.0,2,0
2020-04-15,16081.0,6,0
2020-04-15,16083.0,87,8
2020-04-15,16085.0,2,0
2020-04-15,16087.0,1,0
2020-04-15,17001.0,27,0
2020-04-15,17005.0,4,0
2020-04-15,17007.0,16,1
2020-04-15,17011.0,7,0
2020-04-15,17013.0,1,0
2020-04-15,17015.0,5,1
2020-04-15,17019.0,90,2
2020-04-15,17021.0,25,5
2020-04-15,17023.0,4,0
2020-04-15,17025.0,1,0
2020-04-15,17027.0,39,0
2020-04-15,17029.0,9,0
2020-04-15,17031.0,17306,630
2020-04-15,17033.0,4,0
2020-04-15,17035.0,2,0
2020-04-15,17039.0,2,0
2020-04-15,17037.0,37,1
2020-04-15,17041.0,11,0
2020-04-15,17043.0,1386,66
2020-04-15,17049.0,3,1
2020-04-15,17051.0,12,1
2020-04-15,17053.0,5,1
2020-04-15,17055.0,4,0
2020-04-15,17057.0,1,0
2020-04-15,17059.0,2,0
2020-04-15,17061.0,1,0
2020-04-15,17063.0,24,0
2020-04-15,17067.0,3,0
2020-04-15,17073.0,25,0
2020-04-15,17075.0,11,0
2020-04-15,17077.0,39,4
2020-04-15,17079.0,3,1
2020-04-15,17081.0,9,0
2020-04-15,17083.0,8,0
2020-04-15,17085.0,11,0
2020-04-15,17087.0,2,0
2020-04-15,17089.0,463,24
2020-04-15,17091.0,228,12
2020-04-15,17093.0,116,2
2020-04-15,17095.0,2,0
2020-04-15,17099.0,24,1
2020-04-15,17097.0,1711,65
2020-04-15,17101.0,2,0
2020-04-15,17103.0,15,0
2020-04-15,17105.0,17,0
2020-04-15,17107.0,4,0
2020-04-15,17115.0,44,5
2020-04-15,17117.0,17,0
2020-04-15,17119.0,135,2
2020-04-15,17121.0,17,0
2020-04-15,17123.0,2,0
2020-04-15,17125.0,3,0
2020-04-15,17127.0,3,0
2020-04-15,17109.0,2,0
2020-04-15,17111.0,264,11
2020-04-15,17113.0,82,2
2020-04-15,17129.0,2,0
2020-04-15,17131.0,3,0
2020-04-15,17133.0,49,4
2020-04-15,17135.0,9,0
2020-04-15,17137.0,10,1
2020-04-15,17139.0,2,0
2020-04-15,17141.0,28,1
2020-04-15,17143.0,33,1
2020-04-15,17145.0,1,0
2020-04-15,17147.0,6,0
2020-04-15,17149.0,1,0
2020-04-15,17153.0,5,0
2020-04-15,17157.0,46,0
2020-04-15,17159.0,1,0
2020-04-15,17161.0,138,4
2020-04-15,17165.0,3,0
2020-04-15,17167.0,50,3
2020-04-15,17169.0,1,0
2020-04-15,17173.0,4,0
2020-04-15,17163.0,225,10
2020-04-15,17175.0,1,0
2020-04-15,17177.0,9,0
2020-04-15,17179.0,21,3
2020-04-15,17181.0,3,0
2020-04-15,17183.0,8,0
2020-04-15,17185.0,1,0
2020-04-15,17187.0,2,0
2020-04-15,17189.0,3,0
2020-04-15,17195.0,29,3
2020-04-15,17197.0,1433,81
2020-04-15,17199.0,12,0
2020-04-15,17201.0,119,8
2020-04-15,17203.0,11,0
2020-04-15,18001.0,6,1
2020-04-15,18003.0,180,15
2020-04-15,18005.0,113,4
2020-04-15,18007.0,3,0
2020-04-15,18009.0,6,1
2020-04-15,18011.0,129,4
2020-04-15,18013.0,14,1
2020-04-15,18015.0,6,1
2020-04-15,18017.0,33,1
2020-04-15,18019.0,137,9
2020-04-15,18021.0,13,0
2020-04-15,18023.0,13,1
2020-04-15,18025.0,12,0
2020-04-15,18027.0,21,1
2020-04-15,18033.0,6,1
2020-04-15,18029.0,61,4
2020-04-15,18031.0,155,13
2020-04-15,18035.0,77,4
2020-04-15,18037.0,14,0
2020-04-15,18039.0,105,3
2020-04-15,18041.0,20,3
2020-04-15,18043.0,116,5
2020-04-15,18045.0,3,1
2020-04-15,18047.0,75,7
2020-04-15,18049.0,3,0
2020-04-15,18051.0,4,0
2020-04-15,18053.0,41,2
2020-04-15,18055.0,28,2
2020-04-15,18057.0,510,27
2020-04-15,18059.0,129,6
2020-04-15,18061.0,59,2
2020-04-15,18063.0,360,12
2020-04-15,18065.0,23,1
2020-04-15,18067.0,60,4
2020-04-15,18069.0,6,1
2020-04-15,18071.0,74,0
2020-04-15,18073.0,19,1
2020-04-15,18075.0,7,0
2020-04-15,18077.0,15,0
2020-04-15,18079.0,60,0
2020-04-15,18081.0,347,25
2020-04-15,18083.0,16,0
2020-04-15,18085.0,19,1
2020-04-15,18087.0,14,1
2020-04-15,18091.0,42,4
2020-04-15,18089.0,876,33
2020-04-15,18093.0,73,9
2020-04-15,18095.0,273,24
2020-04-15,18097.0,3204,155
2020-04-15,18099.0,19,0
2020-04-15,18101.0,5,0
2020-04-15,18103.0,17,0
2020-04-15,18105.0,95,2
2020-04-15,18107.0,25,0
2020-04-15,18109.0,105,3
2020-04-15,18111.0,29,2
2020-04-15,18113.0,25,1
2020-04-15,18115.0,1,0
2020-04-15,18117.0,19,3
2020-04-15,18119.0,19,1
2020-04-15,18121.0,7,0
2020-04-15,18123.0,4,0
2020-04-15,18125.0,1,0
2020-04-15,18127.0,130,2
2020-04-15,18129.0,6,0
2020-04-15,18131.0,1,0
2020-04-15,18133.0,42,3
2020-04-15,18135.0,11,1
2020-04-15,18137.0,88,3
2020-04-15,18139.0,17,1
2020-04-15,18143.0,17,2
2020-04-15,18145.0,79,3
2020-04-15,18147.0,4,0
2020-04-15,18141.0,273,5
2020-04-15,18149.0,10,1
2020-04-15,18151.0,13,1
2020-04-15,18153.0,6,0
2020-04-15,18155.0,12,0
2020-04-15,18157.0,46,2
2020-04-15,18159.0,10,0
2020-04-15,18161.0,6,0
2020-04-15,18163.0,65,1
2020-04-15,18165.0,4,0
2020-04-15,18167.0,43,3
2020-04-15,18169.0,7,0
2020-04-15,18171.0,3,1
2020-04-15,18173.0,41,3
2020-04-15,18175.0,27,0
2020-04-15,18177.0,20,1
2020-04-15,18179.0,4,0
2020-04-15,18181.0,5,0
2020-04-15,18183.0,14,1
2020-04-15,19001.0,1,0
2020-04-15,19005.0,24,2
2020-04-15,19007.0,1,1
2020-04-15,19009.0,1,0
2020-04-15,19011.0,19,1
2020-04-15,19013.0,85,0
2020-04-15,19015.0,4,0
2020-04-15,19017.0,9,0
2020-04-15,19019.0,8,0
2020-04-15,19021.0,2,0
2020-04-15,19023.0,1,0
2020-04-15,19027.0,1,0
2020-04-15,19029.0,1,0
2020-04-15,19031.0,22,0
2020-04-15,19033.0,14,0
2020-04-15,19037.0,2,0
2020-04-15,19039.0,2,0
2020-04-15,19041.0,2,0
2020-04-15,19043.0,7,1
2020-04-15,19045.0,38,0
2020-04-15,19047.0,6,1
2020-04-15,19049.0,38,0
2020-04-15,19055.0,2,0
2020-04-15,19057.0,7,0
2020-04-15,19059.0,1,0
2020-04-15,19061.0,37,1
2020-04-15,19065.0,5,0
2020-04-15,19069.0,1,0
2020-04-15,19073.0,1,0
2020-04-15,19075.0,1,0
2020-04-15,19077.0,3,0
2020-04-15,19079.0,2,0
2020-04-15,19081.0,3,0
2020-04-15,19083.0,1,0
2020-04-15,19085.0,12,0
2020-04-15,19087.0,22,1
2020-04-15,19089.0,1,0
2020-04-15,19095.0,7,0
2020-04-15,19097.0,4,0
2020-04-15,19099.0,17,0
2020-04-15,19101.0,4,0
2020-04-15,19103.0,226,3
2020-04-15,19105.0,11,0
2020-04-15,19107.0,2,0
2020-04-15,19109.0,1,0
2020-04-15,19111.0,2,0
2020-04-15,19113.0,276,21
2020-04-15,19115.0,166,0
2020-04-15,19119.0,4,0
2020-04-15,19121.0,3,1
2020-04-15,19123.0,7,0
2020-04-15,19125.0,3,0
2020-04-15,19127.0,44,0
2020-04-15,19129.0,2,0
2020-04-15,19131.0,2,0
2020-04-15,19133.0,6,0
2020-04-15,19137.0,1,0
2020-04-15,19139.0,133,2
2020-04-15,19141.0,3,0
2020-04-15,19143.0,2,0
2020-04-15,19145.0,3,0
2020-04-15,19149.0,4,0
2020-04-15,19153.0,224,7
2020-04-15,19155.0,14,1
2020-04-15,19157.0,6,1
2020-04-15,19163.0,129,2
2020-04-15,19165.0,7,0
2020-04-15,19167.0,7,0
2020-04-15,19169.0,11,0
2020-04-15,19171.0,111,3
2020-04-15,19173.0,1,0
2020-04-15,19175.0,1,0
2020-04-15,19177.0,8,0
2020-04-15,19179.0,7,0
2020-04-15,19181.0,16,0
2020-04-15,19183.0,101,4
2020-04-15,19187.0,2,0
2020-04-15,19189.0,2,0
2020-04-15,19191.0,5,0
2020-04-15,19193.0,21,0
2020-04-15,19195.0,1,0
2020-04-15,19197.0,1,0
2020-04-15,20003.0,1,0
2020-04-15,20005.0,3,0
2020-04-15,20007.0,1,0
2020-04-15,20009.0,5,0
2020-04-15,20011.0,7,1
2020-04-15,20015.0,10,0
2020-04-15,20019.0,3,0
2020-04-15,20021.0,7,0
2020-04-15,20027.0,1,0
2020-04-15,20029.0,3,0
2020-04-15,20031.0,45,6
2020-04-15,20035.0,1,1
2020-04-15,20037.0,6,1
2020-04-15,20041.0,1,0
2020-04-15,20043.0,1,0
2020-04-15,20045.0,41,0
2020-04-15,20051.0,4,0
2020-04-15,20055.0,17,1
2020-04-15,20057.0,32,0
2020-04-15,20059.0,12,0
2020-04-15,20061.0,10,0
2020-04-15,20063.0,1,0
2020-04-15,20073.0,1,0
2020-04-15,20075.0,1,0
2020-04-15,20079.0,5,0
2020-04-15,20085.0,1,0
2020-04-15,20087.0,5,0
2020-04-15,20089.0,3,0
2020-04-15,20091.0,334,19
2020-04-15,20093.0,1,0
2020-04-15,20099.0,20,0
2020-04-15,20103.0,93,1
2020-04-15,20107.0,6,0
2020-04-15,20111.0,32,0
2020-04-15,20115.0,5,0
2020-04-15,20113.0,14,0
2020-04-15,20121.0,5,0
2020-04-15,20123.0,2,0
2020-04-15,20125.0,11,2
2020-04-15,20127.0,2,0
2020-04-15,20129.0,1,0
2020-04-15,20133.0,2,0
2020-04-15,20139.0,4,0
2020-04-15,20141.0,2,0
2020-04-15,20143.0,3,0
2020-04-15,20147.0,1,0
2020-04-15,20149.0,5,0
2020-04-15,20151.0,1,0
2020-04-15,20155.0,14,0
2020-04-15,20157.0,4,0
2020-04-15,20161.0,23,0
2020-04-15,20163.0,2,0
2020-04-15,20169.0,13,2
2020-04-15,20171.0,2,0
2020-04-15,20173.0,209,3
2020-04-15,20175.0,7,0
2020-04-15,20177.0,82,5
2020-04-15,20183.0,1,0
2020-04-15,20185.0,1,0
2020-04-15,20187.0,2,0
2020-04-15,20189.0,2,0
2020-04-15,20191.0,2,1
2020-04-15,20197.0,1,0
2020-04-15,20207.0,4,0
2020-04-15,20209.0,363,31
2020-04-15,21001.0,45,2
2020-04-15,21003.0,3,0
2020-04-15,21005.0,4,1
2020-04-15,21007.0,3,0
2020-04-15,21009.0,7,0
2020-04-15,21011.0,3,0
2020-04-15,21015.0,65,2
2020-04-15,21017.0,4,1
2020-04-15,21019.0,27,2
2020-04-15,21021.0,13,0
2020-04-15,21023.0,6,0
2020-04-15,21025.0,3,0
2020-04-15,21027.0,4,0
2020-04-15,21029.0,32,2
2020-04-15,21031.0,50,3
2020-04-15,21033.0,10,0
2020-04-15,21035.0,19,1
2020-04-15,21037.0,51,5
2020-04-15,21041.0,2,0
2020-04-15,21043.0,5,0
2020-04-15,21045.0,1,0
2020-04-15,21047.0,73,3
2020-04-15,21049.0,18,0
2020-04-15,21053.0,2,0
2020-04-15,21055.0,3,0
2020-04-15,21057.0,2,0
2020-04-15,21059.0,100,3
2020-04-15,21061.0,7,0
2020-04-15,21067.0,212,7
2020-04-15,21069.0,2,0
2020-04-15,21071.0,1,0
2020-04-15,21073.0,11,0
2020-04-15,21077.0,1,0
2020-04-15,21079.0,3,0
2020-04-15,21081.0,16,1
2020-04-15,21083.0,19,0
2020-04-15,21085.0,5,0
2020-04-15,21087.0,1,0
2020-04-15,21089.0,7,0
2020-04-15,21091.0,2,0
2020-04-15,21093.0,27,0
2020-04-15,21097.0,16,0
2020-04-15,21099.0,1,0
2020-04-15,21101.0,26,0
2020-04-15,21103.0,3,0
2020-04-15,21107.0,101,9
2020-04-15,21109.0,26,1
2020-04-15,21111.0,582,53
2020-04-15,21113.0,29,0
2020-04-15,21115.0,1,0
2020-04-15,21117.0,107,10
2020-04-15,21119.0,1,0
2020-04-15,21121.0,1,0
2020-04-15,21123.0,4,0
2020-04-15,21125.0,12,2
2020-04-15,21127.0,1,0
2020-04-15,21131.0,2,0
2020-04-15,21133.0,1,0
2020-04-15,21135.0,2,0
2020-04-15,21137.0,2,1
2020-04-15,21139.0,1,0
2020-04-15,21141.0,9,0
2020-04-15,21143.0,13,2
2020-04-15,21151.0,21,1
2020-04-15,21155.0,12,0
2020-04-15,21157.0,12,0
2020-04-15,21159.0,1,0
2020-04-15,21161.0,6,0
2020-04-15,21145.0,25,2
2020-04-15,21147.0,9,0
2020-04-15,21149.0,6,1
2020-04-15,21163.0,2,1
2020-04-15,21165.0,3,0
2020-04-15,21167.0,9,0
2020-04-15,21171.0,3,0
2020-04-15,21173.0,8,0
2020-04-15,21175.0,1,0
2020-04-15,21177.0,52,2
2020-04-15,21179.0,13,0
2020-04-15,21181.0,1,0
2020-04-15,21183.0,11,0
2020-04-15,21185.0,21,0
2020-04-15,21189.0,2,0
2020-04-15,21191.0,3,0
2020-04-15,21193.0,4,0
2020-04-15,21195.0,6,1
2020-04-15,21197.0,1,0
2020-04-15,21199.0,31,2
2020-04-15,21203.0,10,0
2020-04-15,21205.0,1,0
2020-04-15,21207.0,8,0
2020-04-15,21209.0,27,0
2020-04-15,21211.0,21,1
2020-04-15,21213.0,17,2
2020-04-15,21215.0,8,0
2020-04-15,21217.0,4,0
2020-04-15,21219.0,10,0
2020-04-15,21221.0,4,0
2020-04-15,21223.0,1,0
2020-04-15,21225.0,5,0
2020-04-15,21227.0,64,0
2020-04-15,21229.0,3,0
2020-04-15,21231.0,5,0
2020-04-15,21233.0,10,0
2020-04-15,21235.0,7,0
2020-04-15,21239.0,17,0
2020-04-15,22001.0,105,5
2020-04-15,22003.0,74,8
2020-04-15,22005.0,440,27
2020-04-15,22007.0,129,1
2020-04-15,22009.0,64,3
2020-04-15,22011.0,30,1
2020-04-15,22013.0,42,7
2020-04-15,22015.0,211,11
2020-04-15,22017.0,1118,57
2020-04-15,22019.0,282,15
2020-04-15,22021.0,18,0
2020-04-15,22023.0,2,0
2020-04-15,22025.0,22,1
2020-04-15,22027.0,44,4
2020-04-15,22029.0,21,1
2020-04-15,22031.0,134,8
2020-04-15,22033.0,1325,62
2020-04-15,22035.0,1,0
2020-04-15,22037.0,81,7
2020-04-15,22039.0,40,0
2020-04-15,22041.0,53,2
2020-04-15,22043.0,12,0
2020-04-15,22045.0,159,7
2020-04-15,22047.0,256,17
2020-04-15,22049.0,11,0
2020-04-15,22051.0,5265,247
2020-04-15,22053.0,48,4
2020-04-15,22059.0,13,0
2020-04-15,22055.0,375,16
2020-04-15,22057.0,499,15
2020-04-15,22061.0,41,0
2020-04-15,22063.0,133,5
2020-04-15,22065.0,2,0
2020-04-15,22067.0,32,2
2020-04-15,22069.0,42,0
2020-04-15,22071.0,5769,287
2020-04-15,22073.0,411,8
2020-04-15,22075.0,147,11
2020-04-15,22077.0,53,4
2020-04-15,22079.0,179,7
2020-04-15,22081.0,13,2
2020-04-15,22083.0,21,0
2020-04-15,22085.0,10,0
2020-04-15,22087.0,383,10
2020-04-15,22089.0,476,26
2020-04-15,22091.0,14,0
2020-04-15,22093.0,210,13
2020-04-15,22095.0,569,47
2020-04-15,22097.0,116,16
2020-04-15,22099.0,174,10
2020-04-15,22101.0,130,4
2020-04-15,22103.0,924,60
2020-04-15,22105.0,418,15
2020-04-15,22107.0,1,0
2020-04-15,22109.0,273,18
2020-04-15,22111.0,56,4
2020-04-15,22113.0,27,1
2020-04-15,22115.0,14,1
2020-04-15,22117.0,173,10
2020-04-15,22119.0,69,4
2020-04-15,22121.0,78,9
2020-04-15,22123.0,4,0
2020-04-15,22125.0,47,0
2020-04-15,22127.0,12,2
2020-04-15,23001.0,31,1
2020-04-15,23003.0,2,0
2020-04-15,23005.0,339,14
2020-04-15,23007.0,9,0
2020-04-15,23009.0,5,0
2020-04-15,23011.0,93,3
2020-04-15,23013.0,12,0
2020-04-15,23015.0,12,0
2020-04-15,23017.0,13,0
2020-04-15,23019.0,36,0
2020-04-15,23023.0,15,0
2020-04-15,23025.0,13,0
2020-04-15,23027.0,30,2
2020-04-15,23029.0,2,0
2020-04-15,23031.0,156,4
2020-04-15,24001.0,17,1
2020-04-15,24003.0,845,29
2020-04-15,24005.0,1485,31
2020-04-15,24510.0,1060,26
2020-04-15,24009.0,102,1
2020-04-15,24011.0,22,0
2020-04-15,24013.0,262,28
2020-04-15,24015.0,90,2
2020-04-15,24017.0,310,11
2020-04-15,24019.0,16,1
2020-04-15,24021.0,442,20
2020-04-15,24023.0,4,0
2020-04-15,24025.0,152,0
2020-04-15,24027.0,424,9
2020-04-15,24029.0,11,1
2020-04-15,24031.0,1933,48
2020-04-15,24033.0,2516,65
2020-04-15,24035.0,19,1
2020-04-15,24039.0,5,0
2020-04-15,24037.0,99,3
2020-04-15,24041.0,14,1
2020-04-15,24043.0,106,1
2020-04-15,24045.0,76,1
2020-04-15,24047.0,22,0
2020-04-15,25001.0,530,18
2020-04-15,25003.0,370,23
2020-04-15,25005.0,1508,56
2020-04-15,25007.0,11,0
2020-04-15,25009.0,3894,140
2020-04-15,25011.0,160,25
2020-04-15,25013.0,1885,154
2020-04-15,25015.0,239,5
2020-04-15,25017.0,6681,221
2020-04-15,25019.0,9,0
2020-04-15,25021.0,3122,147
2020-04-15,25023.0,2308,95
2020-04-15,25025.0,6279,113
2020-04-15,25027.0,2350,100
2020-04-15,26001.0,1,0
2020-04-15,26005.0,25,0
2020-04-15,26007.0,1,0
2020-04-15,26009.0,9,0
2020-04-15,26011.0,7,0
2020-04-15,26015.0,18,1
2020-04-15,26017.0,64,2
2020-04-15,26021.0,123,7
2020-04-15,26023.0,30,2
2020-04-15,26025.0,104,3
2020-04-15,26027.0,17,1
2020-04-15,26029.0,11,1
2020-04-15,26031.0,12,1
2020-04-15,26033.0,1,1
2020-04-15,26035.0,5,1
2020-04-15,26037.0,100,5
2020-04-15,26039.0,16,1
2020-04-15,26041.0,9,1
2020-04-15,26043.0,3,2
2020-04-15,26045.0,77,5
2020-04-15,26047.0,21,2
2020-04-15,26049.0,1084,89
2020-04-15,26051.0,6,0
2020-04-15,26053.0,4,1
2020-04-15,26055.0,17,3
2020-04-15,26057.0,7,0
2020-04-15,26059.0,81,9
2020-04-15,26061.0,2,0
2020-04-15,26063.0,7,0
2020-04-15,26065.0,270,5
2020-04-15,26067.0,18,2
2020-04-15,26069.0,4,1
2020-04-15,26073.0,43,4
2020-04-15,26075.0,195,8
2020-04-15,26077.0,103,8
2020-04-15,26079.0,16,2
2020-04-15,26081.0,354,16
2020-04-15,26085.0,2,0
2020-04-15,26087.0,125,10
2020-04-15,26089.0,5,0
2020-04-15,26091.0,56,0
2020-04-15,26093.0,254,7
2020-04-15,26095.0,1,0
2020-04-15,26097.0,4,0
2020-04-15,26099.0,3792,330
2020-04-15,26101.0,10,0
2020-04-15,26103.0,27,5
2020-04-15,26105.0,3,0
2020-04-15,26107.0,11,1
2020-04-15,26109.0,1,0
2020-04-15,26111.0,36,1
2020-04-15,26113.0,2,1
2020-04-15,26115.0,211,9
2020-04-15,26117.0,23,1
2020-04-15,26119.0,1,0
2020-04-15,26121.0,93,5
2020-04-15,26123.0,7,0
2020-04-15,26125.0,5576,392
2020-04-15,26127.0,3,1
2020-04-15,26129.0,4,0
2020-04-15,26133.0,5,0
2020-04-15,26135.0,4,0
2020-04-15,26137.0,35,2
2020-04-15,26139.0,74,2
2020-04-15,26141.0,2,0
2020-04-15,26143.0,9,0
2020-04-15,26145.0,313,19
2020-04-15,26151.0,25,2
2020-04-15,26153.0,3,0
2020-04-15,26155.0,63,2
2020-04-15,26147.0,221,8
2020-04-15,26149.0,22,1
2020-04-15,26157.0,47,9
2020-04-15,26159.0,26,2
2020-04-15,26161.0,798,24
2020-04-15,26163.0,12544,884
2020-04-15,26165.0,7,1
2020-04-15,27003.0,76,0
2020-04-15,27005.0,2,0
2020-04-15,27007.0,5,0
2020-04-15,27009.0,1,0
2020-04-15,27011.0,1,0
2020-04-15,27013.0,23,0
2020-04-15,27015.0,7,1
2020-04-15,27017.0,27,0
2020-04-15,27019.0,14,0
2020-04-15,27021.0,4,0
2020-04-15,27025.0,7,1
2020-04-15,27027.0,43,1
2020-04-15,27029.0,3,0
2020-04-15,27033.0,6,0
2020-04-15,27035.0,17,0
2020-04-15,27037.0,103,5
2020-04-15,27039.0,16,0
2020-04-15,27041.0,1,0
2020-04-15,27043.0,4,0
2020-04-15,27045.0,10,0
2020-04-15,27047.0,27,0
2020-04-15,27049.0,17,0
2020-04-15,27053.0,651,46
2020-04-15,27055.0,1,0
2020-04-15,27059.0,4,0
2020-04-15,27061.0,2,0
2020-04-15,27063.0,1,0
2020-04-15,27067.0,2,0
2020-04-15,27071.0,1,0
2020-04-15,27073.0,1,0
2020-04-15,27079.0,21,0
2020-04-15,27081.0,2,0
2020-04-15,27083.0,5,0
2020-04-15,27087.0,1,0
2020-04-15,27091.0,39,4
2020-04-15,27085.0,2,0
2020-04-15,27093.0,3,0
2020-04-15,27099.0,25,0
2020-04-15,27101.0,1,0
2020-04-15,27103.0,7,1
2020-04-15,27105.0,2,0
2020-04-15,27107.0,1,0
2020-04-15,27109.0,153,2
2020-04-15,27111.0,4,0
2020-04-15,27115.0,6,0
2020-04-15,27117.0,1,0
2020-04-15,27119.0,1,0
2020-04-15,27123.0,164,7
2020-04-15,27125.0,1,0
2020-04-15,27127.0,1,0
2020-04-15,27129.0,3,0
2020-04-15,27131.0,5,0
2020-04-15,27133.0,2,0
2020-04-15,27135.0,1,0
2020-04-15,27139.0,20,1
2020-04-15,27141.0,11,0
2020-04-15,27143.0,1,0
2020-04-15,27137.0,43,6
2020-04-15,27145.0,7,0
2020-04-15,27147.0,9,0
2020-04-15,27151.0,1,0
2020-04-15,27153.0,2,0
2020-04-15,27155.0,2,0
2020-04-15,27157.0,7,0
2020-04-15,27161.0,3,0
2020-04-15,27163.0,88,3
2020-04-15,27165.0,4,0
2020-04-15,27167.0,7,2
2020-04-15,27169.0,51,6
2020-04-15,27171.0,21,1
2020-04-15,27173.0,3,0
2020-04-15,28001.0,64,3
2020-04-15,28003.0,7,0
2020-04-15,28005.0,15,1
2020-04-15,28007.0,25,0
2020-04-15,28009.0,5,0
2020-04-15,28011.0,70,5
2020-04-15,28013.0,27,2
2020-04-15,28015.0,9,0
2020-04-15,28017.0,33,2
2020-04-15,28019.0,11,1
2020-04-15,28021.0,8,0
2020-04-15,28023.0,19,1
2020-04-15,28025.0,21,0
2020-04-15,28027.0,43,1
2020-04-15,28029.0,35,0
2020-04-15,28031.0,19,0
2020-04-15,28033.0,199,3
2020-04-15,28035.0,122,2
2020-04-15,28037.0,10,0
2020-04-15,28039.0,8,0
2020-04-15,28041.0,3,0
2020-04-15,28043.0,14,0
2020-04-15,28045.0,49,5
2020-04-15,28047.0,129,5
2020-04-15,28049.0,280,4
2020-04-15,28051.0,52,3
2020-04-15,28053.0,12,2
2020-04-15,28057.0,11,0
2020-04-15,28059.0,182,5
2020-04-15,28061.0,15,0
2020-04-15,28063.0,4,0
2020-04-15,28065.0,7,1
2020-04-15,28067.0,42,0
2020-04-15,28069.0,15,0
2020-04-15,28071.0,36,2
2020-04-15,28073.0,48,1
2020-04-15,28075.0,165,12
2020-04-15,28077.0,7,0
2020-04-15,28079.0,40,1
2020-04-15,28081.0,46,4
2020-04-15,28083.0,55,6
2020-04-15,28085.0,81,4
2020-04-15,28087.0,27,0
2020-04-15,28089.0,112,3
2020-04-15,28091.0,34,0
2020-04-15,28093.0,35,2
2020-04-15,28095.0,46,2
2020-04-15,28097.0,15,1
2020-04-15,28099.0,35,1
2020-04-15,28101.0,14,0
2020-04-15,28103.0,10,0
2020-04-15,28105.0,41,1
2020-04-15,28107.0,26,2
2020-04-15,28109.0,102,8
2020-04-15,28111.0,20,1
2020-04-15,28113.0,72,2
2020-04-15,28115.0,15,2
2020-04-15,28117.0,15,0
2020-04-15,28119.0,13,0
2020-04-15,28121.0,113,2
2020-04-15,28123.0,79,0
2020-04-15,28125.0,3,0
2020-04-15,28127.0,12,0
2020-04-15,28129.0,36,1
2020-04-15,28131.0,15,0
2020-04-15,28133.0,42,2
2020-04-15,28135.0,6,0
2020-04-15,28137.0,26,0
2020-04-15,28139.0,45,6
2020-04-15,28141.0,2,0
2020-04-15,28143.0,23,1
2020-04-15,28145.0,9,1
2020-04-15,28147.0,22,0
2020-04-15,28149.0,15,1
2020-04-15,28151.0,62,2
2020-04-15,28153.0,9,0
2020-04-15,28155.0,14,1
2020-04-15,28157.0,51,3
2020-04-15,28159.0,22,0
2020-04-15,28161.0,14,0
2020-04-15,28163.0,65,1
2020-04-15,29001.0,12,0
2020-04-15,29003.0,1,0
2020-04-15,29005.0,2,0
2020-04-15,29009.0,2,0
2020-04-15,29013.0,6,1
2020-04-15,29015.0,3,0
2020-04-15,29017.0,3,0
2020-04-15,29019.0,90,1
2020-04-15,29021.0,26,1
2020-04-15,29023.0,17,0
2020-04-15,29025.0,2,0
2020-04-15,29027.0,20,1
2020-04-15,29029.0,28,1
2020-04-15,29031.0,31,1
2020-04-15,29035.0,3,1
2020-04-15,29037.0,44,4
2020-04-15,29039.0,5,0
2020-04-15,29041.0,4,0
2020-04-15,29043.0,18,0
2020-04-15,29045.0,1,0
2020-04-15,29047.0,52,1
2020-04-15,29049.0,11,0
2020-04-15,29051.0,41,1
2020-04-15,29053.0,4,0
2020-04-15,29055.0,5,0
2020-04-15,29059.0,2,0
2020-04-15,29061.0,1,0
2020-04-15,29063.0,3,0
2020-04-15,29069.0,18,1
2020-04-15,29071.0,83,3
2020-04-15,29073.0,2,0
2020-04-15,29075.0,1,0
2020-04-15,29077.0,78,8
2020-04-15,29081.0,6,0
2020-04-15,29083.0,5,1
2020-04-15,29087.0,1,0
2020-04-15,29089.0,2,0
2020-04-15,29091.0,4,0
2020-04-15,29093.0,1,0
2020-04-15,29095.0,243,9
2020-04-15,29097.0,22,0
2020-04-15,29099.0,147,3
2020-04-15,29101.0,41,0
2020-04-15,29107.0,29,1
2020-04-15,29113.0,28,1
2020-04-15,29115.0,5,1
2020-04-15,29117.0,2,0
2020-04-15,29121.0,2,0
2020-04-15,29123.0,1,0
2020-04-15,29125.0,2,0
2020-04-15,29119.0,4,0
2020-04-15,29131.0,1,0
2020-04-15,29135.0,6,0
2020-04-15,29139.0,6,0
2020-04-15,29141.0,1,0
2020-04-15,29143.0,8,0
2020-04-15,29145.0,9,0
2020-04-15,29147.0,3,0
2020-04-15,29149.0,1,0
2020-04-15,29151.0,4,0
2020-04-15,29155.0,11,0
2020-04-15,29157.0,38,0
2020-04-15,29159.0,4,0
2020-04-15,29161.0,1,0
2020-04-15,29163.0,6,0
2020-04-15,29165.0,26,0
2020-04-15,29167.0,1,0
2020-04-15,29169.0,18,1
2020-04-15,29173.0,1,0
2020-04-15,29175.0,8,0
2020-04-15,29177.0,7,0
2020-04-15,29179.0,2,0
2020-04-15,29181.0,3,0
2020-04-15,29195.0,44,0
2020-04-15,29199.0,3,0
2020-04-15,29201.0,26,0
2020-04-15,29205.0,1,0
2020-04-15,29183.0,392,17
2020-04-15,29185.0,2,0
2020-04-15,29187.0,22,1
2020-04-15,29189.0,1938,63
2020-04-15,29510.0,700,27
2020-04-15,29186.0,7,1
2020-04-15,29207.0,13,0
2020-04-15,29209.0,3,0
2020-04-15,29213.0,8,1
2020-04-15,29217.0,3,0
2020-04-15,29219.0,16,0
2020-04-15,29221.0,2,0
2020-04-15,29225.0,5,0
2020-04-15,29227.0,1,0
2020-04-15,29229.0,9,0
2020-04-15,30001.0,1,0
2020-04-15,30003.0,2,0
2020-04-15,30007.0,4,0
2020-04-15,30009.0,6,0
2020-04-15,30013.0,13,0
2020-04-15,30023.0,3,0
2020-04-15,30029.0,37,1
2020-04-15,30031.0,139,0
2020-04-15,30035.0,4,0
2020-04-15,30037.0,1,0
2020-04-15,30041.0,1,0
2020-04-15,30043.0,2,0
2020-04-15,30047.0,5,0
2020-04-15,30049.0,16,0
2020-04-15,30051.0,1,0
2020-04-15,30053.0,7,1
2020-04-15,30057.0,8,1
2020-04-15,30059.0,1,0
2020-04-15,30063.0,30,1
2020-04-15,30065.0,1,0
2020-04-15,30067.0,7,0
2020-04-15,30073.0,1,0
2020-04-15,30081.0,5,0
2020-04-15,30083.0,3,0
2020-04-15,30085.0,4,0
2020-04-15,30093.0,11,0
2020-04-15,30095.0,1,0
2020-04-15,30101.0,26,3
2020-04-15,30111.0,64,0
2020-04-15,31001.0,65,0
2020-04-15,31003.0,1,0
2020-04-15,31013.0,1,0
2020-04-15,31019.0,42,1
2020-04-15,31021.0,1,0
2020-04-15,31025.0,3,0
2020-04-15,31027.0,1,0
2020-04-15,31031.0,1,0
2020-04-15,31033.0,3,0
2020-04-15,31035.0,2,0
2020-04-15,31037.0,4,0
2020-04-15,31039.0,2,0
2020-04-15,31041.0,19,2
2020-04-15,31043.0,3,0
2020-04-15,31047.0,21,0
2020-04-15,31053.0,12,0
2020-04-15,31055.0,273,8
2020-04-15,31061.0,3,0
2020-04-15,31067.0,26,1
2020-04-15,31073.0,1,0
2020-04-15,31079.0,278,5
2020-04-15,31081.0,15,0
2020-04-15,31097.0,1,0
2020-04-15,31099.0,3,0
2020-04-15,31105.0,10,0
2020-04-15,31107.0,2,0
2020-04-15,31109.0,59,1
2020-04-15,31111.0,17,1
2020-04-15,31119.0,7,2
2020-04-15,31121.0,5,0
2020-04-15,31123.0,1,0
2020-04-15,31127.0,1,0
2020-04-15,31131.0,1,0
2020-04-15,31137.0,1,0
2020-04-15,31139.0,1,0
2020-04-15,31141.0,6,0
2020-04-15,31143.0,3,0
2020-04-15,31151.0,1,0
2020-04-15,31153.0,46,0
2020-04-15,31155.0,6,0
2020-04-15,31157.0,16,0
2020-04-15,31159.0,1,0
2020-04-15,31167.0,1,0
2020-04-15,31177.0,22,1
2020-04-15,31179.0,1,0
2020-04-15,31181.0,1,0
2020-04-15,31185.0,5,0
2020-04-15,32510.0,25,0
2020-04-15,32001.0,1,0
2020-04-15,32003.0,2559,115
2020-04-15,32005.0,13,0
2020-04-15,32007.0,11,1
2020-04-15,32013.0,20,1
2020-04-15,32019.0,11,0
2020-04-15,32023.0,20,0
2020-04-15,32031.0,549,14
2020-04-15,32033.0,3,0
2020-04-15,33001.0,24,0
2020-04-15,33003.0,29,0
2020-04-15,33005.0,26,2
2020-04-15,33007.0,2,0
2020-04-15,33009.0,44,0
2020-04-15,33011.0,458,21
2020-04-15,33013.0,81,3
2020-04-15,33015.0,399,5
2020-04-15,33017.0,69,0
2020-04-15,33019.0,7,1
2020-04-15,34001.0,322,13
2020-04-15,34003.0,10848,608
2020-04-15,34005.0,1261,45
2020-04-15,34007.0,1587,49
2020-04-15,34009.0,178,10
2020-04-15,34011.0,210,3
2020-04-15,34013.0,8579,590
2020-04-15,34015.0,602,14
2020-04-15,34017.0,8511,312
2020-04-15,34019.0,356,14
2020-04-15,34021.0,1856,76
2020-04-15,34023.0,6576,248
2020-04-15,34025.0,4122,167
2020-04-15,34027.0,3525,212
2020-04-15,34029.0,4016,166
2020-04-15,34031.0,6750,182
2020-04-15,34033.0,84,4
2020-04-15,34035.0,2001,101
2020-04-15,34037.0,551,41
2020-04-15,34039.0,7438,269
2020-04-15,34041.0,468,30
2020-04-15,35001.0,477,17
2020-04-15,35003.0,1,0
2020-04-15,35005.0,19,0
2020-04-15,35006.0,29,1
2020-04-15,35007.0,2,0
2020-04-15,35009.0,10,0
2020-04-15,35013.0,54,1
2020-04-15,35015.0,7,1
2020-04-15,35017.0,11,0
2020-04-15,35025.0,2,0
2020-04-15,35027.0,1,0
2020-04-15,35028.0,6,0
2020-04-15,35029.0,2,0
2020-04-15,35031.0,242,2
2020-04-15,35035.0,3,0
2020-04-15,35037.0,1,0
2020-04-15,35039.0,10,0
2020-04-15,35041.0,1,0
2020-04-15,35045.0,200,10
2020-04-15,35047.0,2,0
2020-04-15,35043.0,262,4
2020-04-15,35049.0,78,0
2020-04-15,35053.0,16,0
2020-04-15,35055.0,15,0
2020-04-15,35057.0,12,0
2020-04-15,35061.0,21,0
2020-04-15,36001.0,548,26
2020-04-15,36003.0,28,0
2020-04-15,36007.0,153,6
2020-04-15,36009.0,32,0
2020-04-15,36011.0,36,1
2020-04-15,36013.0,24,1
2020-04-15,36015.0,69,2
2020-04-15,36017.0,71,0
2020-04-15,36019.0,45,3
2020-04-15,36021.0,96,11
2020-04-15,36023.0,23,0
2020-04-15,36025.0,46,0
2020-04-15,36027.0,2048,45
2020-04-15,36029.0,1751,110
2020-04-15,36031.0,12,0
2020-04-15,36033.0,13,0
2020-04-15,36035.0,24,0
2020-04-15,36037.0,76,1
2020-04-15,36039.0,73,0
2020-04-15,36041.0,3,0
2020-04-15,36043.0,40,1
2020-04-15,36045.0,47,0
2020-04-15,36049.0,7,0
2020-04-15,36051.0,31,1
2020-04-15,36053.0,105,1
2020-04-15,36055.0,884,48
2020-04-15,36057.0,32,1
2020-04-15,36059.0,26715,1286
2020-04-15,36063.0,204,6
2020-04-15,36065.0,246,4
2020-04-15,36067.0,449,15
2020-04-15,36069.0,62,2
2020-04-15,36071.0,5716,135
2020-04-15,36073.0,33,0
2020-04-15,36075.0,42,0
2020-04-15,36077.0,44,4
2020-04-15,36079.0,571,28
2020-04-15,36083.0,124,8
2020-04-15,36087.0,8474,212
2020-04-15,36091.0,227,1
2020-04-15,36093.0,237,16
2020-04-15,36095.0,20,0
2020-04-15,36097.0,6,0
2020-04-15,36099.0,18,1
2020-04-15,36089.0,92,1
2020-04-15,36101.0,151,5
2020-04-15,36103.0,23278,663
2020-04-15,36105.0,424,7
2020-04-15,36107.0,25,0
2020-04-15,36109.0,115,2
2020-04-15,36111.0,733,2
2020-04-15,36113.0,77,4
2020-04-15,36115.0,42,0
2020-04-15,36117.0,48,0
2020-04-15,36119.0,20947,708
2020-04-15,36121.0,34,3
2020-04-15,36123.0,6,0
2020-04-15,37001.0,42,0
2020-04-15,37003.0,3,0
2020-04-15,37005.0,2,0
2020-04-15,37007.0,12,0
2020-04-15,37009.0,4,0
2020-04-15,37013.0,13,0
2020-04-15,37015.0,16,1
2020-04-15,37017.0,1,0
2020-04-15,37019.0,35,2
2020-04-15,37021.0,37,3
2020-04-15,37023.0,59,4
2020-04-15,37025.0,191,3
2020-04-15,37027.0,19,0
2020-04-15,37031.0,22,1
2020-04-15,37033.0,3,0
2020-04-15,37035.0,35,1
2020-04-15,37037.0,77,0
2020-04-15,37039.0,12,1
2020-04-15,37041.0,5,0
2020-04-15,37043.0,3,0
2020-04-15,37045.0,40,1
2020-04-15,37047.0,37,1
2020-04-15,37049.0,31,1
2020-04-15,37051.0,87,2
2020-04-15,37053.0,2,0
2020-04-15,37055.0,11,1
2020-04-15,37057.0,87,2
2020-04-15,37059.0,22,2
2020-04-15,37061.0,18,0
2020-04-15,37063.0,330,2
2020-04-15,37065.0,33,1
2020-04-15,37067.0,123,4
2020-04-15,37069.0,66,3
2020-04-15,37071.0,92,3
2020-04-15,37073.0,4,0
2020-04-15,37077.0,98,4
2020-04-15,37079.0,13,0
2020-04-15,37081.0,149,10
2020-04-15,37083.0,25,0
2020-04-15,37085.0,50,2
2020-04-15,37087.0,3,0
2020-04-15,37089.0,97,4
2020-04-15,37091.0,5,1
2020-04-15,37093.0,20,0
2020-04-15,37097.0,70,2
2020-04-15,37099.0,2,0
2020-04-15,37101.0,106,9
2020-04-15,37103.0,8,1
2020-04-15,37105.0,16,0
2020-04-15,37107.0,14,0
2020-04-15,37109.0,15,0
2020-04-15,37113.0,2,1
2020-04-15,37117.0,7,0
2020-04-15,37111.0,18,0
2020-04-15,37119.0,1015,19
2020-04-15,37121.0,4,0
2020-04-15,37123.0,15,1
2020-04-15,37125.0,66,0
2020-04-15,37127.0,40,1
2020-04-15,37129.0,56,1
2020-04-15,37131.0,65,0
2020-04-15,37133.0,29,1
2020-04-15,37135.0,161,2
2020-04-15,37137.0,6,0
2020-04-15,37139.0,15,0
2020-04-15,37141.0,5,0
2020-04-15,37143.0,8,0
2020-04-15,37145.0,11,0
2020-04-15,37147.0,69,1
2020-04-15,37149.0,9,0
2020-04-15,37151.0,56,2
2020-04-15,37153.0,12,1
2020-04-15,37155.0,11,0
2020-04-15,37157.0,15,2
2020-04-15,37159.0,206,7
2020-04-15,37161.0,45,2
2020-04-15,37163.0,13,0
2020-04-15,37165.0,9,0
2020-04-15,37167.0,17,1
2020-04-15,37169.0,10,0
2020-04-15,37171.0,10,0
2020-04-15,37175.0,6,0
2020-04-15,37177.0,3,0
2020-04-15,37179.0,112,3
2020-04-15,37181.0,23,1
2020-04-15,37183.0,510,1
2020-04-15,37185.0,3,0
2020-04-15,37187.0,18,2
2020-04-15,37189.0,8,0
2020-04-15,37191.0,80,2
2020-04-15,37193.0,4,1
2020-04-15,37195.0,75,3
2020-04-15,37197.0,11,1
2020-04-15,38003.0,2,0
2020-04-15,38011.0,1,0
2020-04-15,38013.0,2,0
2020-04-15,38015.0,52,0
2020-04-15,38017.0,135,2
2020-04-15,38023.0,1,0
2020-04-15,38025.0,3,0
2020-04-15,38027.0,1,0
2020-04-15,38029.0,1,1
2020-04-15,38031.0,1,0
2020-04-15,38035.0,20,0
2020-04-15,38037.0,1,0
2020-04-15,38049.0,1,1
2020-04-15,38051.0,1,0
2020-04-15,38053.0,9,0
2020-04-15,38055.0,3,0
2020-04-15,38059.0,21,2
2020-04-15,38061.0,29,0
2020-04-15,38065.0,1,0
2020-04-15,38069.0,2,0
2020-04-15,38071.0,3,0
2020-04-15,38077.0,3,0
2020-04-15,38079.0,1,0
2020-04-15,38081.0,1,0
2020-04-15,38085.0,1,0
2020-04-15,38087.0,3,0
2020-04-15,38089.0,34,2
2020-04-15,38093.0,1,0
2020-04-15,38099.0,3,0
2020-04-15,38101.0,20,1
2020-04-15,38105.0,8,0
2020-04-15,39001.0,3,0
2020-04-15,39003.0,51,4
2020-04-15,39005.0,6,0
2020-04-15,39007.0,36,3
2020-04-15,39009.0,3,1
2020-04-15,39011.0,18,1
2020-04-15,39013.0,58,3
2020-04-15,39015.0,8,1
2020-04-15,39017.0,133,2
2020-04-15,39019.0,14,0
2020-04-15,39021.0,6,1
2020-04-15,39023.0,21,0
2020-04-15,39025.0,49,1
2020-04-15,39027.0,23,0
2020-04-15,39029.0,123,10
2020-04-15,39031.0,16,0
2020-04-15,39033.0,23,0
2020-04-15,39035.0,1281,39
2020-04-15,39037.0,52,10
2020-04-15,39039.0,12,0
2020-04-15,39041.0,108,3
2020-04-15,39043.0,16,1
2020-04-15,39045.0,92,1
2020-04-15,39047.0,12,0
2020-04-15,39049.0,1102,19
2020-04-15,39051.0,8,0
2020-04-15,39053.0,6,1
2020-04-15,39055.0,82,4
2020-04-15,39057.0,31,1
2020-04-15,39059.0,10,0
2020-04-15,39061.0,594,27
2020-04-15,39063.0,23,1
2020-04-15,39065.0,11,0
2020-04-15,39067.0,1,0
2020-04-15,39069.0,2,0
2020-04-15,39071.0,7,0
2020-04-15,39073.0,3,0
2020-04-15,39075.0,3,0
2020-04-15,39077.0,14,1
2020-04-15,39079.0,3,0
2020-04-15,39081.0,24,0
2020-04-15,39083.0,10,1
2020-04-15,39085.0,124,6
2020-04-15,39087.0,17,0
2020-04-15,39089.0,88,3
2020-04-15,39091.0,8,0
2020-04-15,39093.0,203,7
2020-04-15,39095.0,596,28
2020-04-15,39097.0,23,3
2020-04-15,39099.0,486,41
2020-04-15,39101.0,164,0
2020-04-15,39103.0,122,10
2020-04-15,39105.0,2,0
2020-04-15,39107.0,13,1
2020-04-15,39109.0,125,21
2020-04-15,39111.0,2,0
2020-04-15,39113.0,211,8
2020-04-15,39115.0,2,0
2020-04-15,39117.0,14,0
2020-04-15,39119.0,8,0
2020-04-15,39121.0,3,0
2020-04-15,39123.0,12,0
2020-04-15,39125.0,5,0
2020-04-15,39127.0,8,0
2020-04-15,39129.0,172,0
2020-04-15,39131.0,1,0
2020-04-15,39133.0,158,22
2020-04-15,39135.0,20,1
2020-04-15,39137.0,4,0
2020-04-15,39139.0,44,1
2020-04-15,39141.0,21,0
2020-04-15,39143.0,13,2
2020-04-15,39145.0,4,0
2020-04-15,39147.0,11,1
2020-04-15,39149.0,27,0
2020-04-15,39151.0,176,17
2020-04-15,39153.0,294,15
2020-04-15,39155.0,199,13
2020-04-15,39157.0,28,0
2020-04-15,39159.0,11,0
2020-04-15,39161.0,2,0
2020-04-15,39165.0,85,3
2020-04-15,39167.0,47,4
2020-04-15,39169.0,56,10
2020-04-15,39171.0,6,1
2020-04-15,39173.0,64,5
2020-04-15,39175.0,14,2
2020-04-15,40001.0,29,3
2020-04-15,40003.0,1,0
2020-04-15,40005.0,1,0
2020-04-15,40007.0,1,0
2020-04-15,40009.0,2,0
2020-04-15,40013.0,5,0
2020-04-15,40015.0,35,1
2020-04-15,40017.0,63,3
2020-04-15,40019.0,1,0
2020-04-15,40021.0,21,1
2020-04-15,40023.0,3,0
2020-04-15,40027.0,294,18
2020-04-15,40031.0,52,0
2020-04-15,40033.0,5,0
2020-04-15,40035.0,8,0
2020-04-15,40037.0,57,3
2020-04-15,40039.0,7,0
2020-04-15,40041.0,72,0
2020-04-15,40043.0,2,0
2020-04-15,40047.0,7,1
2020-04-15,40049.0,10,0
2020-04-15,40051.0,14,1
2020-04-15,40053.0,2,0
2020-04-15,40055.0,50,4
2020-04-15,40065.0,6,0
2020-04-15,40067.0,1,0
2020-04-15,40069.0,2,0
2020-04-15,40071.0,45,4
2020-04-15,40073.0,6,0
2020-04-15,40075.0,2,0
2020-04-15,40077.0,4,1
2020-04-15,40079.0,4,0
2020-04-15,40081.0,10,0
2020-04-15,40083.0,7,0
2020-04-15,40085.0,2,0
2020-04-15,40093.0,2,1
2020-04-15,40095.0,1,0
2020-04-15,40097.0,16,3
2020-04-15,40087.0,19,0
2020-04-15,40089.0,7,0
2020-04-15,40099.0,1,0
2020-04-15,40101.0,26,2
2020-04-15,40103.0,6,0
2020-04-15,40105.0,11,0
2020-04-15,40107.0,1,0
2020-04-15,40109.0,483,22
2020-04-15,40111.0,14,0
2020-04-15,40113.0,61,8
2020-04-15,40115.0,22,0
2020-04-15,40117.0,27,2
2020-04-15,40119.0,29,0
2020-04-15,40121.0,13,1
2020-04-15,40123.0,10,1
2020-04-15,40125.0,28,3
2020-04-15,40131.0,30,2
2020-04-15,40133.0,7,1
2020-04-15,40135.0,10,2
2020-04-15,40137.0,15,1
2020-04-15,40139.0,9,1
2020-04-15,40141.0,1,0
2020-04-15,40143.0,362,21
2020-04-15,40145.0,102,7
2020-04-15,40147.0,118,5
2020-04-15,40153.0,1,0
2020-04-15,41003.0,25,3
2020-04-15,41005.0,142,3
2020-04-15,41007.0,6,0
2020-04-15,41009.0,14,0
2020-04-15,41011.0,1,0
2020-04-15,41013.0,1,0
2020-04-15,41015.0,3,0
2020-04-15,41017.0,55,0
2020-04-15,41019.0,20,0
2020-04-15,41023.0,1,0
2020-04-15,41027.0,4,0
2020-04-15,41029.0,47,0
2020-04-15,41031.0,1,0
2020-04-15,41033.0,19,1
2020-04-15,41035.0,26,0
2020-04-15,41039.0,44,1
2020-04-15,41041.0,4,0
2020-04-15,41043.0,53,4
2020-04-15,41045.0,4,0
2020-04-15,41047.0,294,10
2020-04-15,41049.0,5,0
2020-04-15,41051.0,430,22
2020-04-15,41053.0,30,1
2020-04-15,41055.0,1,0
2020-04-15,41057.0,5,0
2020-04-15,41059.0,17,0
2020-04-15,41061.0,4,0
2020-04-15,41063.0,1,0
2020-04-15,41065.0,10,0
2020-04-15,41067.0,364,7
2020-04-15,41071.0,32,6
2020-04-15,42001.0,64,1
2020-04-15,42003.0,904,26
2020-04-15,42005.0,29,1
2020-04-15,42007.0,158,14
2020-04-15,42009.0,9,1
2020-04-15,42011.0,1335,28
2020-04-15,42013.0,12,0
2020-04-15,42015.0,19,0
2020-04-15,42017.0,1450,60
2020-04-15,42019.0,150,5
2020-04-15,42021.0,14,1
2020-04-15,42023.0,1,0
2020-04-15,42025.0,112,6
2020-04-15,42027.0,72,0
2020-04-15,42029.0,675,25
2020-04-15,42031.0,16,0
2020-04-15,42033.0,9,0
2020-04-15,42035.0,8,0
2020-04-15,42037.0,131,3
2020-04-15,42039.0,16,0
2020-04-15,42041.0,131,4
2020-04-15,42043.0,271,5
2020-04-15,42045.0,1935,60
2020-04-15,42047.0,2,0
2020-04-15,42049.0,42,1
2020-04-15,42051.0,58,3
2020-04-15,42053.0,5,0
2020-04-15,42055.0,78,0
2020-04-15,42057.0,2,0
2020-04-15,42059.0,23,0
2020-04-15,42061.0,12,0
2020-04-15,42063.0,43,1
2020-04-15,42065.0,2,0
2020-04-15,42067.0,47,0
2020-04-15,42069.0,527,26
2020-04-15,42071.0,914,69
2020-04-15,42073.0,55,5
2020-04-15,42075.0,349,2
2020-04-15,42077.0,1922,25
2020-04-15,42079.0,1567,27
2020-04-15,42081.0,30,0
2020-04-15,42083.0,4,0
2020-04-15,42085.0,47,0
2020-04-15,42087.0,15,0
2020-04-15,42089.0,872,28
2020-04-15,42091.0,2475,120
2020-04-15,42093.0,44,0
2020-04-15,42095.0,1251,25
2020-04-15,42097.0,56,0
2020-04-15,42099.0,17,1
2020-04-15,42101.0,7441,222
2020-04-15,42103.0,268,7
2020-04-15,42105.0,4,0
2020-04-15,42107.0,212,3
2020-04-15,42109.0,24,1
2020-04-15,42111.0,14,0
2020-04-15,42113.0,1,0
2020-04-15,42115.0,40,1
2020-04-15,42117.0,13,1
2020-04-15,42119.0,23,0
2020-04-15,42121.0,6,0
2020-04-15,42123.0,1,0
2020-04-15,42125.0,71,1
2020-04-15,42127.0,75,2
2020-04-15,42129.0,237,18
2020-04-15,42131.0,13,0
2020-04-15,42133.0,381,4
2020-04-15,44001.0,49,0
2020-04-15,44003.0,244,0
2020-04-15,44005.0,93,0
2020-04-15,44007.0,1957,20
2020-04-15,44009.0,152,0
2020-04-15,45001.0,10,0
2020-04-15,45003.0,60,3
2020-04-15,45005.0,5,0
2020-04-15,45007.0,114,5
2020-04-15,45009.0,7,0
2020-04-15,45011.0,5,0
2020-04-15,45013.0,205,7
2020-04-15,45015.0,101,3
2020-04-15,45017.0,5,1
2020-04-15,45019.0,360,2
2020-04-15,45021.0,8,0
2020-04-15,45023.0,22,0
2020-04-15,45025.0,28,0
2020-04-15,45027.0,90,6
2020-04-15,45029.0,21,1
2020-04-15,45031.0,44,0
2020-04-15,45033.0,7,0
2020-04-15,45035.0,78,1
2020-04-15,45037.0,10,0
2020-04-15,45039.0,24,0
2020-04-15,45041.0,87,7
2020-04-15,45043.0,33,2
2020-04-15,45045.0,400,11
2020-04-15,45047.0,19,0
2020-04-15,45049.0,12,0
2020-04-15,45051.0,150,8
2020-04-15,45053.0,14,0
2020-04-15,45055.0,187,7
2020-04-15,45057.0,68,2
2020-04-15,45059.0,14,1
2020-04-15,45061.0,34,3
2020-04-15,45063.0,218,8
2020-04-15,45067.0,8,1
2020-04-15,45069.0,15,0
2020-04-15,45065.0,4,2
2020-04-15,45071.0,16,1
2020-04-15,45073.0,14,0
2020-04-15,45075.0,38,0
2020-04-15,45077.0,34,0
2020-04-15,45079.0,548,12
2020-04-15,45081.0,8,0
2020-04-15,45083.0,191,5
2020-04-15,45085.0,161,5
2020-04-15,45087.0,23,0
2020-04-15,45089.0,18,0
2020-04-15,45091.0,138,3
2020-04-15,46003.0,1,0
2020-04-15,46005.0,21,2
2020-04-15,46009.0,4,0
2020-04-15,46011.0,9,0
2020-04-15,46013.0,15,0
2020-04-15,46015.0,1,0
2020-04-15,46023.0,4,0
2020-04-15,46025.0,1,0
2020-04-15,46027.0,5,0
2020-04-15,46029.0,13,0
2020-04-15,46031.0,1,0
2020-04-15,46035.0,3,1
2020-04-15,46039.0,1,0
2020-04-15,46047.0,1,0
2020-04-15,46049.0,1,0
2020-04-15,46057.0,1,0
2020-04-15,46065.0,5,0
2020-04-15,46067.0,2,0
2020-04-15,46069.0,1,0
2020-04-15,46073.0,3,0
2020-04-15,46079.0,2,0
2020-04-15,46081.0,9,0
2020-04-15,46083.0,65,0
2020-04-15,46085.0,2,0
2020-04-15,46091.0,1,0
2020-04-15,46087.0,3,1
2020-04-15,46093.0,1,0
2020-04-15,46097.0,1,0
2020-04-15,46099.0,934,2
2020-04-15,46102.0,1,0
2020-04-15,46103.0,9,0
2020-04-15,46109.0,4,0
2020-04-15,46111.0,3,0
2020-04-15,46115.0,3,0
2020-04-15,46119.0,1,0
2020-04-15,46121.0,1,0
2020-04-15,46125.0,5,0
2020-04-15,46127.0,4,0
2020-04-15,46129.0,5,0
2020-04-15,46135.0,22,0
2020-04-15,47001.0,16,1
2020-04-15,47003.0,33,2
2020-04-15,47005.0,4,0
2020-04-15,47007.0,8,0
2020-04-15,47009.0,47,3
2020-04-15,47011.0,33,1
2020-04-15,47013.0,12,1
2020-04-15,47015.0,7,0
2020-04-15,47017.0,13,0
2020-04-15,47019.0,4,1
2020-04-15,47021.0,19,0
2020-04-15,47023.0,6,0
2020-04-15,47025.0,5,0
2020-04-15,47027.0,5,0
2020-04-15,47029.0,8,0
2020-04-15,47031.0,13,0
2020-04-15,47035.0,53,0
2020-04-15,47037.0,1492,18
2020-04-15,47041.0,10,0
2020-04-15,47039.0,3,0
2020-04-15,47043.0,37,0
2020-04-15,47045.0,24,0
2020-04-15,47047.0,39,1
2020-04-15,47049.0,3,0
2020-04-15,47051.0,23,1
2020-04-15,47053.0,24,0
2020-04-15,47055.0,4,0
2020-04-15,47057.0,4,0
2020-04-15,47059.0,28,2
2020-04-15,47061.0,24,1
2020-04-15,47063.0,7,1
2020-04-15,47065.0,110,12
2020-04-15,47069.0,7,0
2020-04-15,47071.0,4,0
2020-04-15,47073.0,26,2
2020-04-15,47075.0,12,1
2020-04-15,47077.0,2,0
2020-04-15,47079.0,8,0
2020-04-15,47081.0,2,0
2020-04-15,47083.0,4,0
2020-04-15,47085.0,4,0
2020-04-15,47087.0,6,0
2020-04-15,47089.0,16,1
2020-04-15,47091.0,2,0
2020-04-15,47093.0,179,4
2020-04-15,47095.0,4,0
2020-04-15,47097.0,12,0
2020-04-15,47099.0,15,0
2020-04-15,47101.0,2,0
2020-04-15,47103.0,9,0
2020-04-15,47105.0,18,0
2020-04-15,47111.0,43,5
2020-04-15,47113.0,75,0
2020-04-15,47115.0,27,1
2020-04-15,47117.0,9,1
2020-04-15,47119.0,33,1
2020-04-15,47107.0,5,0
2020-04-15,47109.0,9,0
2020-04-15,47121.0,3,0
2020-04-15,47123.0,9,0
2020-04-15,47125.0,102,2
2020-04-15,47127.0,1,0
2020-04-15,47129.0,5,0
2020-04-15,47131.0,8,1
2020-04-15,47133.0,7,0
2020-04-15,47135.0,5,0
2020-04-15,47139.0,5,0
2020-04-15,47141.0,93,0
2020-04-15,47145.0,6,0
2020-04-15,47147.0,94,0
2020-04-15,47149.0,269,6
2020-04-15,47151.0,11,0
2020-04-15,47153.0,3,0
2020-04-15,47155.0,22,0
2020-04-15,47157.0,1432,31
2020-04-15,47159.0,11,1
2020-04-15,47161.0,4,0
2020-04-15,47163.0,43,1
2020-04-15,47165.0,478,27
2020-04-15,47167.0,53,0
2020-04-15,47169.0,20,1
2020-04-15,47171.0,1,0
2020-04-15,47173.0,3,0
2020-04-15,47175.0,1,0
2020-04-15,47177.0,4,0
2020-04-15,47179.0,45,0
2020-04-15,47181.0,2,0
2020-04-15,47183.0,6,0
2020-04-15,47185.0,4,0
2020-04-15,47187.0,322,5
2020-04-15,47189.0,155,1
2020-04-15,48001.0,4,0
2020-04-15,48003.0,13,0
2020-04-15,48005.0,20,0
2020-04-15,48007.0,2,0
2020-04-15,48011.0,1,0
2020-04-15,48013.0,9,0
2020-04-15,48015.0,12,0
2020-04-15,48019.0,2,0
2020-04-15,48021.0,38,1
2020-04-15,48025.0,3,0
2020-04-15,48027.0,110,3
2020-04-15,48029.0,901,37
2020-04-15,48031.0,4,0
2020-04-15,48035.0,1,0
2020-04-15,48037.0,63,5
2020-04-15,48039.0,272,3
2020-04-15,48041.0,151,13
2020-04-15,48049.0,11,1
2020-04-15,48051.0,8,0
2020-04-15,48053.0,7,0
2020-04-15,48055.0,6,0
2020-04-15,48057.0,19,0
2020-04-15,48059.0,1,0
2020-04-15,48061.0,239,3
2020-04-15,48063.0,5,0
2020-04-15,48067.0,8,2
2020-04-15,48069.0,11,1
2020-04-15,48071.0,33,0
2020-04-15,48073.0,7,1
2020-04-15,48077.0,3,0
2020-04-15,48085.0,477,10
2020-04-15,48089.0,7,0
2020-04-15,48091.0,43,6
2020-04-15,48093.0,3,0
2020-04-15,48095.0,1,0
2020-04-15,48097.0,2,0
2020-04-15,48099.0,60,0
2020-04-15,48103.0,2,0
2020-04-15,48107.0,1,1
2020-04-15,48111.0,2,0
2020-04-15,48113.0,1986,43
2020-04-15,48115.0,8,1
2020-04-15,48123.0,10,0
2020-04-15,48117.0,11,0
2020-04-15,48119.0,1,0
2020-04-15,48121.0,521,14
2020-04-15,48125.0,1,0
2020-04-15,48127.0,1,0
2020-04-15,48129.0,23,0
2020-04-15,48131.0,1,0
2020-04-15,48133.0,3,0
2020-04-15,48135.0,48,2
2020-04-15,48141.0,346,4
2020-04-15,48139.0,83,3
2020-04-15,48143.0,12,1
2020-04-15,48145.0,1,0
2020-04-15,48147.0,5,0
2020-04-15,48149.0,17,0
2020-04-15,48153.0,2,0
2020-04-15,48157.0,627,15
2020-04-15,48159.0,1,0
2020-04-15,48161.0,1,0
2020-04-15,48163.0,1,0
2020-04-15,48165.0,2,0
2020-04-15,48167.0,401,13
2020-04-15,48171.0,2,0
2020-04-15,48175.0,5,0
2020-04-15,48177.0,2,0
2020-04-15,48179.0,13,0
2020-04-15,48181.0,19,0
2020-04-15,48183.0,46,0
2020-04-15,48185.0,7,0
2020-04-15,48187.0,50,0
2020-04-15,48189.0,11,2
2020-04-15,48193.0,3,0
2020-04-15,48195.0,1,0
2020-04-15,48199.0,65,2
2020-04-15,48201.0,4097,58
2020-04-15,48203.0,34,2
2020-04-15,48209.0,104,1
2020-04-15,48211.0,1,0
2020-04-15,48213.0,11,0
2020-04-15,48215.0,217,1
2020-04-15,48217.0,8,0
2020-04-15,48219.0,15,1
2020-04-15,48221.0,17,3
2020-04-15,48223.0,4,0
2020-04-15,48227.0,1,1
2020-04-15,48231.0,22,2
2020-04-15,48233.0,3,0
2020-04-15,48237.0,4,0
2020-04-15,48239.0,4,0
2020-04-15,48241.0,7,1
2020-04-15,48245.0,140,6
2020-04-15,48249.0,2,0
2020-04-15,48251.0,42,1
2020-04-15,48253.0,2,0
2020-04-15,48255.0,3,0
2020-04-15,48257.0,33,0
2020-04-15,48259.0,14,0
2020-04-15,48265.0,3,0
2020-04-15,48273.0,3,1
2020-04-15,48275.0,1,0
2020-04-15,48277.0,8,0
2020-04-15,48279.0,2,0
2020-04-15,48281.0,3,0
2020-04-15,48285.0,4,0
2020-04-15,48287.0,2,0
2020-04-15,48289.0,4,0
2020-04-15,48291.0,23,0
2020-04-15,48293.0,11,1
2020-04-15,48297.0,3,0
2020-04-15,48299.0,3,0
2020-04-15,48303.0,330,25
2020-04-15,48305.0,5,0
2020-04-15,48313.0,1,0
2020-04-15,48317.0,2,0
2020-04-15,48319.0,1,0
2020-04-15,48321.0,51,3
2020-04-15,48323.0,10,0
2020-04-15,48307.0,3,0
2020-04-15,48309.0,74,4
2020-04-15,48325.0,13,1
2020-04-15,48329.0,35,2
2020-04-15,48331.0,8,0
2020-04-15,48335.0,1,0
2020-04-15,48337.0,5,0
2020-04-15,48339.0,331,6
2020-04-15,48341.0,52,0
2020-04-15,48343.0,3,0
2020-04-15,48345.0,1,0
2020-04-15,48347.0,64,6
2020-04-15,48349.0,16,2
2020-04-15,48351.0,2,0
2020-04-15,48355.0,83,0
2020-04-15,48359.0,3,1
2020-04-15,48361.0,46,0
2020-04-15,48363.0,5,1
2020-04-15,48365.0,22,1
2020-04-15,48367.0,16,0
2020-04-15,48371.0,5,0
2020-04-15,48373.0,14,0
2020-04-15,48375.0,79,2
2020-04-15,48379.0,2,0
2020-04-15,48381.0,73,2
2020-04-15,48395.0,2,0
2020-04-15,48397.0,30,0
2020-04-15,48401.0,17,0
2020-04-15,48403.0,1,0
2020-04-15,48405.0,11,1
2020-04-15,48407.0,7,0
2020-04-15,48409.0,8,0
2020-04-15,48415.0,2,0
2020-04-15,48419.0,46,0
2020-04-15,48423.0,108,2
2020-04-15,48427.0,7,0
2020-04-15,48429.0,1,0
2020-04-15,48437.0,4,0
2020-04-15,48439.0,990,30
2020-04-15,48441.0,74,2
2020-04-15,48445.0,10,0
2020-04-15,48449.0,8,0
2020-04-15,48451.0,39,1
2020-04-15,48453.0,900,14
2020-04-15,48455.0,4,0
2020-04-15,48457.0,4,0
2020-04-15,48459.0,9,0
2020-04-15,48463.0,7,0
2020-04-15,48465.0,12,0
2020-04-15,48467.0,10,1
2020-04-15,48469.0,89,1
2020-04-15,48471.0,38,0
2020-04-15,48473.0,20,0
2020-04-15,48477.0,41,3
2020-04-15,48479.0,239,10
2020-04-15,48481.0,31,0
2020-04-15,48485.0,57,1
2020-04-15,48487.0,1,0
2020-04-15,48489.0,6,1
2020-04-15,48491.0,128,4
2020-04-15,48493.0,12,1
2020-04-15,48495.0,2,0
2020-04-15,48497.0,7,0
2020-04-15,48499.0,6,0
2020-04-15,48503.0,4,1
2020-04-15,48505.0,4,0
2020-04-15,49003.0,13,0
2020-04-15,49005.0,36,0
2020-04-15,49007.0,2,0
2020-04-15,49011.0,217,2
2020-04-15,49013.0,3,0
2020-04-15,49015.0,3,0
2020-04-15,49017.0,1,0
2020-04-15,49019.0,1,0
2020-04-15,49021.0,15,0
2020-04-15,49023.0,2,0
2020-04-15,49025.0,3,0
2020-04-15,49027.0,4,0
2020-04-15,49029.0,7,0
2020-04-15,49035.0,1285,7
2020-04-15,49037.0,9,0
2020-04-15,49041.0,2,0
2020-04-15,49043.0,306,0
2020-04-15,49045.0,37,0
2020-04-15,49047.0,6,0
2020-04-15,49049.0,352,0
2020-04-15,49051.0,105,1
2020-04-15,49053.0,39,0
2020-04-15,49057.0,101,1
2020-04-15,50001.0,56,1
2020-04-15,50003.0,32,1
2020-04-15,50005.0,9,0
2020-04-15,50007.0,372,20
2020-04-15,50009.0,1,0
2020-04-15,50011.0,84,3
2020-04-15,50013.0,3,0
2020-04-15,50015.0,22,2
2020-04-15,50017.0,5,0
2020-04-15,50019.0,8,0
2020-04-15,50021.0,39,0
2020-04-15,50023.0,29,0
2020-04-15,50025.0,58,1
2020-04-15,50027.0,29,2
2020-04-15,51001.0,15,0
2020-04-15,51003.0,53,0
2020-04-15,51510.0,254,6
2020-04-15,51005.0,4,0
2020-04-15,51007.0,10,0
2020-04-15,51009.0,10,0
2020-04-15,51011.0,7,0
2020-04-15,51013.0,420,12
2020-04-15,51015.0,18,0
2020-04-15,51019.0,16,0
2020-04-15,51023.0,23,0
2020-04-15,51520.0,1,0
2020-04-15,51025.0,9,0
2020-04-15,51027.0,12,0
2020-04-15,51029.0,22,0
2020-04-15,51530.0,4,0
2020-04-15,51031.0,11,0
2020-04-15,51033.0,9,0
2020-04-15,51035.0,3,0
2020-04-15,51036.0,9,0
2020-04-15,51037.0,5,0
2020-04-15,51540.0,38,1
2020-04-15,51550.0,140,3
2020-04-15,51041.0,254,5
2020-04-15,51043.0,6,0
2020-04-15,51570.0,17,0
2020-04-15,51580.0,1,0
2020-04-15,51045.0,2,0
2020-04-15,51047.0,25,0
2020-04-15,51049.0,8,0
2020-04-15,51590.0,22,0
2020-04-15,51053.0,7,0
2020-04-15,51595.0,7,0
2020-04-15,51059.0,1298,29
2020-04-15,51600.0,1,0
2020-04-15,51610.0,2,0
2020-04-15,51061.0,29,0
2020-04-15,51063.0,1,0
2020-04-15,51065.0,62,0
2020-04-15,51067.0,15,0
2020-04-15,51620.0,7,0
2020-04-15,51069.0,73,0
2020-04-15,51630.0,15,0
2020-04-15,51640.0,1,0
2020-04-15,51071.0,4,0
2020-04-15,51073.0,20,0
2020-04-15,51075.0,40,1
2020-04-15,51079.0,5,0
2020-04-15,51081.0,16,0
2020-04-15,51083.0,7,0
2020-04-15,51650.0,75,1
2020-04-15,51085.0,53,0
2020-04-15,51660.0,101,0
2020-04-15,51087.0,453,45
2020-04-15,51089.0,8,0
2020-04-15,51670.0,14,0
2020-04-15,51093.0,60,0
2020-04-15,51095.0,132,3
2020-04-15,51099.0,17,0
2020-04-15,51101.0,2,0
2020-04-15,51097.0,2,0
2020-04-15,51103.0,1,0
2020-04-15,51105.0,6,0
2020-04-15,51678.0,3,0
2020-04-15,51107.0,367,5
2020-04-15,51109.0,29,0
2020-04-15,51111.0,3,0
2020-04-15,51680.0,34,0
2020-04-15,51113.0,8,0
2020-04-15,51685.0,14,0
2020-04-15,51683.0,53,0
2020-04-15,51115.0,3,0
2020-04-15,51117.0,57,0
2020-04-15,51119.0,3,0
2020-04-15,51121.0,34,0
2020-04-15,51125.0,5,0
2020-04-15,51127.0,16,0
2020-04-15,51700.0,95,1
2020-04-15,51710.0,99,1
2020-04-15,51131.0,4,0
2020-04-15,51133.0,4,0
2020-04-15,51135.0,5,0
2020-04-15,51137.0,17,0
2020-04-15,51139.0,6,0
2020-04-15,51730.0,19,0
2020-04-15,51143.0,4,0
2020-04-15,51735.0,6,0
2020-04-15,51740.0,59,4
2020-04-15,51145.0,5,0
2020-04-15,51147.0,15,1
2020-04-15,51149.0,27,0
2020-04-15,51153.0,536,1
2020-04-15,51155.0,4,0
2020-04-15,51750.0,1,0
2020-04-15,51157.0,1,0
2020-04-15,51159.0,7,0
2020-04-15,51760.0,177,7
2020-04-15,51161.0,17,0
2020-04-15,51770.0,22,0
2020-04-15,51163.0,3,0
2020-04-15,51165.0,67,0
2020-04-15,51167.0,2,0
2020-04-15,51775.0,3,0
2020-04-15,51169.0,3,0
2020-04-15,51171.0,27,1
2020-04-15,51173.0,11,0
2020-04-15,51175.0,6,0
2020-04-15,51177.0,60,0
2020-04-15,51179.0,108,1
2020-04-15,51790.0,2,0
2020-04-15,51800.0,59,0
2020-04-15,51181.0,3,0
2020-04-15,51183.0,10,0
2020-04-15,51185.0,4,0
2020-04-15,51810.0,256,5
2020-04-15,51187.0,20,0
2020-04-15,51191.0,27,0
2020-04-15,51820.0,6,0
2020-04-15,51193.0,8,0
2020-04-15,51830.0,19,1
2020-04-15,51840.0,21,0
2020-04-15,51195.0,15,1
2020-04-15,51197.0,7,0
2020-04-15,51199.0,35,1
2020-04-15,53001.0,40,0
2020-04-15,53003.0,8,0
2020-04-15,53005.0,273,30
2020-04-15,53007.0,62,6
2020-04-15,53009.0,14,0
2020-04-15,53011.0,258,15
2020-04-15,53013.0,1,0
2020-04-15,53015.0,24,0
2020-04-15,53017.0,29,1
2020-04-15,53019.0,1,0
2020-04-15,53021.0,142,4
2020-04-15,53025.0,129,2
2020-04-15,53027.0,12,0
2020-04-15,53029.0,163,8
2020-04-15,53031.0,28,0
2020-04-15,53033.0,4699,314
2020-04-15,53035.0,132,1
2020-04-15,53037.0,14,0
2020-04-15,53039.0,16,2
2020-04-15,53041.0,19,2
2020-04-15,53043.0,2,0
2020-04-15,53045.0,20,0
2020-04-15,53047.0,15,0
2020-04-15,53049.0,1,0
2020-04-15,53051.0,1,0
2020-04-15,53053.0,1028,28
2020-04-15,53055.0,13,0
2020-04-15,53057.0,209,6
2020-04-15,53059.0,3,0
2020-04-15,53061.0,1987,80
2020-04-15,53063.0,290,17
2020-04-15,53065.0,7,1
2020-04-15,53067.0,82,1
2020-04-15,53069.0,2,0
2020-04-15,53071.0,26,0
2020-04-15,53073.0,269,25
2020-04-15,53075.0,13,0
2020-04-15,53077.0,674,29
2020-04-15,54001.0,4,0
2020-04-15,54003.0,101,0
2020-04-15,54005.0,1,0
2020-04-15,54007.0,1,0
2020-04-15,54009.0,3,0
2020-04-15,54011.0,28,0
2020-04-15,54019.0,2,0
2020-04-15,54023.0,1,0
2020-04-15,54025.0,3,0
2020-04-15,54027.0,7,0
2020-04-15,54029.0,7,0
2020-04-15,54031.0,3,0
2020-04-15,54033.0,28,1
2020-04-15,54035.0,34,1
2020-04-15,54037.0,56,0
2020-04-15,54039.0,91,0
2020-04-15,54041.0,2,0
2020-04-15,54043.0,1,0
2020-04-15,54045.0,8,1
2020-04-15,54049.0,41,2
2020-04-15,54051.0,7,0
2020-04-15,54053.0,10,0
2020-04-15,54047.0,6,0
2020-04-15,54055.0,8,0
2020-04-15,54057.0,6,0
2020-04-15,54059.0,1,1
2020-04-15,54061.0,83,4
2020-04-15,54063.0,1,0
2020-04-15,54065.0,7,0
2020-04-15,54067.0,3,0
2020-04-15,54069.0,23,1
2020-04-15,54071.0,1,0
2020-04-15,54073.0,1,0
2020-04-15,54077.0,6,0
2020-04-15,54079.0,13,0
2020-04-15,54081.0,6,0
2020-04-15,54083.0,4,0
2020-04-15,54087.0,2,0
2020-04-15,54089.0,1,0
2020-04-15,54091.0,4,0
2020-04-15,54093.0,4,0
2020-04-15,54095.0,3,0
2020-04-15,54097.0,3,0
2020-04-15,54099.0,69,1
2020-04-15,54103.0,3,0
2020-04-15,54105.0,2,0
2020-04-15,54107.0,25,0
2020-04-15,54109.0,1,0
2020-04-15,55001.0,3,1
2020-04-15,55003.0,2,0
2020-04-15,55005.0,6,0
2020-04-15,55007.0,3,0
2020-04-15,55009.0,114,1
2020-04-15,55011.0,4,1
2020-04-15,55015.0,5,0
2020-04-15,55017.0,20,0
2020-04-15,55019.0,9,0
2020-04-15,55021.0,27,1
2020-04-15,55023.0,3,0
2020-04-15,55025.0,351,15
2020-04-15,55027.0,19,1
2020-04-15,55029.0,9,1
2020-04-15,55031.0,7,0
2020-04-15,55033.0,9,0
2020-04-15,55035.0,21,0
2020-04-15,55037.0,2,0
2020-04-15,55039.0,59,3
2020-04-15,55043.0,8,1
2020-04-15,55045.0,9,0
2020-04-15,55047.0,1,0
2020-04-15,55049.0,5,0
2020-04-15,55051.0,2,1
2020-04-15,55053.0,10,1
2020-04-15,55055.0,24,0
2020-04-15,55057.0,7,1
2020-04-15,55059.0,204,4
2020-04-15,55061.0,5,1
2020-04-15,55063.0,25,0
2020-04-15,55065.0,3,0
2020-04-15,55071.0,4,0
2020-04-15,55073.0,14,1
2020-04-15,55075.0,4,1
2020-04-15,55077.0,3,0
2020-04-15,55078.0,1,0
2020-04-15,55079.0,1870,105
2020-04-15,55081.0,10,0
2020-04-15,55083.0,4,0
2020-04-15,55085.0,6,0
2020-04-15,55087.0,31,2
2020-04-15,55089.0,77,9
2020-04-15,55093.0,7,0
2020-04-15,55095.0,3,0
2020-04-15,55097.0,4,0
2020-04-15,55099.0,1,0
2020-04-15,55101.0,138,6
2020-04-15,55103.0,7,0
2020-04-15,55105.0,62,4
2020-04-15,55107.0,3,0
2020-04-15,55111.0,31,4
2020-04-15,55113.0,2,0
2020-04-15,55115.0,6,0
2020-04-15,55117.0,37,2
2020-04-15,55109.0,10,0
2020-04-15,55121.0,1,0
2020-04-15,55125.0,4,0
2020-04-15,55127.0,49,2
2020-04-15,55129.0,1,0
2020-04-15,55131.0,78,3
2020-04-15,55133.0,238,10
2020-04-15,55135.0,4,1
2020-04-15,55137.0,2,0
2020-04-15,55139.0,31,1
2020-04-15,55141.0,2,0
2020-04-15,56001.0,5,0
2020-04-15,56003.0,1,0
2020-04-15,56005.0,13,0
2020-04-15,56007.0,4,0
2020-04-15,56009.0,8,0
2020-04-15,56011.0,4,0
2020-04-15,56013.0,42,0
2020-04-15,56015.0,3,0
2020-04-15,56017.0,2,0
2020-04-15,56019.0,11,1
2020-04-15,56021.0,64,1
2020-04-15,56023.0,5,0
2020-04-15,56025.0,34,0
2020-04-15,56027.0,1,0
2020-04-15,56029.0,1,0
2020-04-15,56033.0,12,0
2020-04-15,56035.0,1,0
2020-04-15,56037.0,10,0
2020-04-15,56039.0,59,0
2020-04-15,56041.0,4,0
2020-04-15,56043.0,4,0
